Symbol,Name,price,dividend yield,price/earnings,book value,52 week low,52 week high,market capitalization,ebitda,price/sales,price/book,SEC Filings
MMM,3M Co.,92.29,2.49,14.98,23.731,68.63,92.34,63.802B,7.569B,2.14,3.86,http://www.sec.gov/cgi-bin/browse-edgar?CIK=MMM&action=getcompany
ACE,ACE Limited,72.74,2.43,12.24,75.98,56.9,77.42,24.666B,2.860B,1.47,0.96,http://www.sec.gov/cgi-bin/browse-edgar?CIK=ACE&action=getcompany
ABT,Abbott Laboratories,66.11,3.01,21.37,16.178,48.22,67.45,104.0B,11.630B,2.62,4.06,http://www.sec.gov/cgi-bin/browse-edgar?CIK=ABT&action=getcompany
ANF,Abercrombie & Fitch Company A,32.01,2.17,27.06,20.511,28.64,77.49,2.643B,503.1M,0.63,1.57,http://www.sec.gov/cgi-bin/browse-edgar?CIK=ANF&action=getcompany
ACN,Accenture,61.63,2.19,15.88,6.422,47.4,65.89,39.123B,4.411B,1.41,9.58,http://www.sec.gov/cgi-bin/browse-edgar?CIK=ACN&action=getcompany
ADBE,Adobe Systems Inc,32.64,N/A,21.09,12.348,22.67,34.78,16.051B,1.492B,3.7,2.64,http://www.sec.gov/cgi-bin/browse-edgar?CIK=ADBE&action=getcompany
AMD,Advanced Micro Devices,4.34,N/A,N/A,1.512,3.89,8.35,3.207B,89.0M,0.51,2.89,http://www.sec.gov/cgi-bin/browse-edgar?CIK=AMD&action=getcompany
AES,AES Corp,11.78,N/A,64.26,8.169,9,14.01,8.830B,4.894B,0.5,1.44,http://www.sec.gov/cgi-bin/browse-edgar?CIK=AES&action=getcompany
AET,Aetna Inc,37.73,1.8,7.4,30.688,33.43,51.14,12.609B,3.677B,0.36,1.22,http://www.sec.gov/cgi-bin/browse-edgar?CIK=AET&action=getcompany
AFL,AFLAC Inc,45.86,2.82,8.33,21.337,31.25,50.33,30.475B,4.177B,1.26,2.14,http://www.sec.gov/cgi-bin/browse-edgar?CIK=AFL&action=getcompany
A,Agilent Technologies Inc,40.53,0.49,13.11,13.588,28.67,46.28,14.084B,1.416B,2.09,3,http://www.sec.gov/cgi-bin/browse-edgar?CIK=A&action=getcompany
GAS,AGL Resources Inc.,40.52,3.14,21.04,29.038,36.59,43.69,4.762B,875.0M,1.5,1.39,http://www.sec.gov/cgi-bin/browse-edgar?CIK=GAS&action=getcompany
APD,Air Products & Chemicals Inc,83.73,2.9,13.33,30.767,72.26,92.79,17.726B,2.507B,1.79,2.73,http://www.sec.gov/cgi-bin/browse-edgar?CIK=APD&action=getcompany
ARG,Airgas Inc,83.49,1.63,19.79,23.897,58.6,93.05,6.415B,863.0M,1.32,3.49,http://www.sec.gov/cgi-bin/browse-edgar?CIK=ARG&action=getcompany
AKAM,Akamai Technologies Inc,35.97,N/A,35.12,12.442,18.25,39.14,6.403B,501.2M,5.13,2.91,http://www.sec.gov/cgi-bin/browse-edgar?CIK=AKAM&action=getcompany
AA,Alcoa Inc,8.98,1.35,128.41,12.75,7.97,12.93,9.581B,2.461B,0.39,0.69,http://www.sec.gov/cgi-bin/browse-edgar?CIK=AA&action=getcompany
ALXN,Alexion Pharmaceuticals,103.42,N/A,102.71,9.072,49.5,109.96,19.966B,332.8M,21.04,11.42,http://www.sec.gov/cgi-bin/browse-edgar?CIK=ALXN&action=getcompany
ATI,Allegheny Technologies Inc,32.52,2.22,17.53,24.025,27.61,53,3.486B,592.5M,0.65,1.35,http://www.sec.gov/cgi-bin/browse-edgar?CIK=ATI&action=getcompany
AGN,Allergan Inc,85.61,0.23,25.07,17.985,71.89,97.09,25.888B,1.755B,4.6,4.75,http://www.sec.gov/cgi-bin/browse-edgar?CIK=AGN&action=getcompany
ALL,Allstate Corp,37.98,2.26,9.29,40.072,22.27,38.38,18.417B,3.708B,0.56,0.95,http://www.sec.gov/cgi-bin/browse-edgar?CIK=ALL&action=getcompany
ANR,Alpha Natural Resources,7.35,N/A,N/A,33.723,5.75,35.15,1.615B,1.315B,0.2,0.21,http://www.sec.gov/cgi-bin/browse-edgar?CIK=ANR&action=getcompany
ALTR,Altera Corp,37.12,0.92,19.73,9.93,29.67,41.63,11.875B,675.2M,6.45,3.71,http://www.sec.gov/cgi-bin/browse-edgar?CIK=ALTR&action=getcompany
MO,Altria Group Inc,34.96,4.72,16.04,2.108,25.05,36.29,70.864B,7.528B,4.08,16.47,http://www.sec.gov/cgi-bin/browse-edgar?CIK=MO&action=getcompany
AMZN,Amazon.com Inc,232.75,N/A,285.09,16.604,166.97,246.71,105.2B,1.939B,1.95,14.1,http://www.sec.gov/cgi-bin/browse-edgar?CIK=AMZN&action=getcompany
AEE,Ameren Corp,34.7,4.6,70.7,31.142,27.22,35.3,8.418B,2.260B,1.2,1.11,http://www.sec.gov/cgi-bin/browse-edgar?CIK=AEE&action=getcompany
AEP,American Electric Power,43.55,4.33,10.55,30.942,35.65,43.96,21.117B,4.734B,1.41,1.4,http://www.sec.gov/cgi-bin/browse-edgar?CIK=AEP&action=getcompany
AXP,American Express Co,55.85,1.35,13.23,16.916,41.3,61.42,63.314B,0,2.18,3.34,http://www.sec.gov/cgi-bin/browse-edgar?CIK=AXP&action=getcompany
AIG,American Intl Group Inc,32.6,N/A,3.1,57.683,19.18,35.05,58.485B,18.051B,0.89,0.56,http://www.sec.gov/cgi-bin/browse-edgar?CIK=AIG&action=getcompany
AMT,American Tower Corp A,70.51,0.61,61.11,8.506,47.94,75.62,27.833B,1.674B,10.36,8.26,http://www.sec.gov/cgi-bin/browse-edgar?CIK=AMT&action=getcompany
AMP,Ameriprise Financial,54.5,2.23,12.87,42.337,36,58.68,11.592B,2.660B,1.14,1.28,http://www.sec.gov/cgi-bin/browse-edgar?CIK=AMP&action=getcompany
ABC,AmerisourceBergen Corp,38.69,1.31,14.53,11.621,34.74,42.32,9.754B,1.388B,0.12,3.33,http://www.sec.gov/cgi-bin/browse-edgar?CIK=ABC&action=getcompany
AMGN,Amgen Inc,82.73,0.88,17.94,25.018,49.55,84.39,63.619B,6.743B,3.83,3.28,http://www.sec.gov/cgi-bin/browse-edgar?CIK=AMGN&action=getcompany
APH,Amphenol Corp A,61.04,0.39,19.6,13.979,38.98,62.08,9.827B,886.5M,2.44,4.35,http://www.sec.gov/cgi-bin/browse-edgar?CIK=APH&action=getcompany
APC,Anadarko Petroleum Corp,69.68,0.52,N/A,39.89,56.42,88.7,34.840B,7.036B,2.57,1.75,http://www.sec.gov/cgi-bin/browse-edgar?CIK=APC&action=getcompany
ADI,Analog Devices Inc,40.43,2.73,17.55,13.157,29.8,40.83,12.062B,1.029B,4.3,3.07,http://www.sec.gov/cgi-bin/browse-edgar?CIK=ADI&action=getcompany
AON,Aon plc,51.83,1.2,18.09,24.522,39.68,52.61,17.230B,2.253B,1.5,2.1,http://www.sec.gov/cgi-bin/browse-edgar?CIK=AON&action=getcompany
APA,Apache Corporation,87.86,0.72,10.67,78.448,73.04,112.09,34.353B,12.599B,2.05,1.13,http://www.sec.gov/cgi-bin/browse-edgar?CIK=APA&action=getcompany
AIV,Apartment Investment & Mgmt,26.04,2.3,N/A,5.419,20.08,28.3,3.790B,576.9M,3.47,4.82,http://www.sec.gov/cgi-bin/browse-edgar?CIK=AIV&action=getcompany
APOL,Apollo Group Inc,28.61,N/A,6.81,7.971,25.77,58.29,3.244B,1.040B,0.73,3.57,http://www.sec.gov/cgi-bin/browse-edgar?CIK=APOL&action=getcompany
AAPL,Apple Inc.,621.7,0.43,14.59,119.225,354.24,644,582.8B,55.816B,3.91,5.21,http://www.sec.gov/cgi-bin/browse-edgar?CIK=AAPL&action=getcompany
AMAT,Applied Materials Inc,11.95,2.78,11.74,6.79,9.7,13.94,15.316B,2.005B,1.57,1.75,http://www.sec.gov/cgi-bin/browse-edgar?CIK=AMAT&action=getcompany
ADM,Archer-Daniels-Midland Co,25.94,2.59,14.42,27.487,23.69,33.98,17.146B,2.890B,0.2,0.96,http://www.sec.gov/cgi-bin/browse-edgar?CIK=ADM&action=getcompany
AIZ,Assurant Inc,35.85,2.07,5.82,61.093,32,44.54,2.907B,1.075B,0.35,0.59,http://www.sec.gov/cgi-bin/browse-edgar?CIK=AIZ&action=getcompany
T,AT&T Inc,37.49,4.7,49.71,17.792,27.29,38.28,217.6B,35.504B,1.7,2.09,http://www.sec.gov/cgi-bin/browse-edgar?CIK=T&action=getcompany
ADSK,Autodesk Inc,35.01,N/A,27.67,8.9,22.99,42.69,8.045B,489.9M,3.55,3.95,http://www.sec.gov/cgi-bin/browse-edgar?CIK=ADSK&action=getcompany
ADP,Automatic Data Processing,57.61,2.7,20.27,12.583,45.17,57.99,27.993B,2.279B,2.6,4.54,http://www.sec.gov/cgi-bin/browse-edgar?CIK=ADP&action=getcompany
AN,AutoNation Inc,39.58,N/A,18.42,12.672,30.46,43.72,4.777B,686.2M,0.32,3.12,http://www.sec.gov/cgi-bin/browse-edgar?CIK=AN&action=getcompany
AZO,AutoZone Inc,359.29,N/A,16.21,-37.217,278,399.1,13.449B,1.801B,1.6,N/A,http://www.sec.gov/cgi-bin/browse-edgar?CIK=AZO&action=getcompany
AVB,"AvalonBay Communities, Inc.",140.34,2.67,22.7,47.442,107.54,151.23,13.555B,617.5M,13.14,2.94,http://www.sec.gov/cgi-bin/browse-edgar?CIK=AVB&action=getcompany
AVY,Avery Dennison Corp,31.77,3.29,18.48,15.058,23.52,32.78,3.314B,584.8M,0.55,2.1,http://www.sec.gov/cgi-bin/browse-edgar?CIK=AVY&action=getcompany
AVP,Avon Products,16.28,4.2,28.64,3.293,14.45,23.94,7.034B,1.074B,0.65,4.99,http://www.sec.gov/cgi-bin/browse-edgar?CIK=AVP&action=getcompany
BHI,Baker Hughes Inc,48.69,1.24,11.56,37.686,37.08,64.67,21.402B,4.342B,1,1.29,http://www.sec.gov/cgi-bin/browse-edgar?CIK=BHI&action=getcompany
BLL,Ball Corp,42.01,0.65,15.59,8.625,29.69,43.7,6.534B,1.118B,0.75,4.84,http://www.sec.gov/cgi-bin/browse-edgar?CIK=BLL&action=getcompany
BAC,Bank of America Corp,7.74,0.52,8.46,20.155,4.92,10.1,83.413B,0,0.96,0.38,http://www.sec.gov/cgi-bin/browse-edgar?CIK=BAC&action=getcompany
BK,The Bank of New York Mellon Corp.,22.25,2.33,12.06,28.81,17.1,24.72,26.284B,0,1.81,0.77,http://www.sec.gov/cgi-bin/browse-edgar?CIK=BK&action=getcompany
BCR,Bard (C.R.) Inc.,98.57,0.79,16.57,22.922,80.8,108.31,8.263B,945.3M,2.78,4.26,http://www.sec.gov/cgi-bin/browse-edgar?CIK=BCR&action=getcompany
BAX,Baxter International Inc.,58.84,2.24,14.47,12.132,47.55,60.54,32.397B,3.859B,2.31,4.85,http://www.sec.gov/cgi-bin/browse-edgar?CIK=BAX&action=getcompany
BBT,BB&T Corporation,31.56,2.27,13.21,26.188,18.92,32.74,22.054B,0,2.72,1.21,http://www.sec.gov/cgi-bin/browse-edgar?CIK=BBT&action=getcompany
BEAM,Beam Inc.,60.37,1.33,14.17,27.394,42.3,64,9.538B,790.6M,4.08,2.21,http://www.sec.gov/cgi-bin/browse-edgar?CIK=BEAM&action=getcompany
BDX,Becton Dickinson,75.89,1.74,13.68,21.22,69.59,82.18,15.144B,2.209B,1.89,3.56,http://www.sec.gov/cgi-bin/browse-edgar?CIK=BDX&action=getcompany
BBBY,Bed Bath & Beyond,62.78,N/A,14.97,16.995,50.17,75.84,14.313B,1.776B,1.51,3.74,http://www.sec.gov/cgi-bin/browse-edgar?CIK=BBBY&action=getcompany
BMS,Bemis Company,30.28,3.27,19.16,15.278,27.21,33.48,3.122B,613.8M,0.59,1.96,http://www.sec.gov/cgi-bin/browse-edgar?CIK=BMS&action=getcompany
BRK.B,Berkshire Hathaway,0,N/A,N/A,N/A,N/A,N/A,N/A,N/A,N/A,N/A,http://www.sec.gov/cgi-bin/browse-edgar?CIK=BRK.B&action=getcompany
BBY,Best Buy Co. Inc.,19.21,3.34,N/A,10.729,16.97,28.53,6.530B,3.295B,0.13,1.79,http://www.sec.gov/cgi-bin/browse-edgar?CIK=BBY&action=getcompany
BIG,Big Lots Inc.,38.44,N/A,14.11,12.89,29.72,47.22,2.449B,422.4M,0.5,3.2,http://www.sec.gov/cgi-bin/browse-edgar?CIK=BIG&action=getcompany
BIIB,BIOGEN IDEC Inc.,145.505,N/A,25.93,26.522,84.22,150.29,34.390B,2.169B,6.32,5.4,http://www.sec.gov/cgi-bin/browse-edgar?CIK=BIIB&action=getcompany
BLK,BlackRock,174.41,3.29,13.99,140.475,137,209.37,31.290B,3.623B,3.51,1.24,http://www.sec.gov/cgi-bin/browse-edgar?CIK=BLK&action=getcompany
HRB,Block H&R,16.11,4.65,18.09,4.539,12.73,17.46,4.421B,691.7M,1.58,3.55,http://www.sec.gov/cgi-bin/browse-edgar?CIK=HRB&action=getcompany
BMC,BMC Software,41.25,N/A,19.24,8.545,31.62,45.7,6.578B,638.1M,3.01,4.8,http://www.sec.gov/cgi-bin/browse-edgar?CIK=BMC&action=getcompany
BA,Boeing Company,74.21,1.75,12.84,7.725,56.9,77.83,55.791B,7.899B,0.73,9.62,http://www.sec.gov/cgi-bin/browse-edgar?CIK=BA&action=getcompany
BWA,BorgWarner,71.32,N/A,15.8,25.111,54.59,87.45,8.162B,1.153B,1.09,2.79,http://www.sec.gov/cgi-bin/browse-edgar?CIK=BWA&action=getcompany
BXP,Boston Properties,110.7,1.95,46.13,34.064,81.52,113.83,16.684B,1.191B,8.7,3.24,http://www.sec.gov/cgi-bin/browse-edgar?CIK=BXP&action=getcompany
BSX,Boston Scientific,5.54,N/A,N/A,5.578,4.79,6.9,7.848B,1.576B,1.05,0.99,http://www.sec.gov/cgi-bin/browse-edgar?CIK=BSX&action=getcompany
BMY,Bristol-Myers Squibb,31.73,4.25,15.27,9.588,27.6,36.34,53.275B,7.222B,2.6,3.31,http://www.sec.gov/cgi-bin/browse-edgar?CIK=BMY&action=getcompany
BRCM,Broadcom Corporation,35.35,1.11,25.13,12.764,27.59,39.66,19.761B,1.135B,2.6,2.69,http://www.sec.gov/cgi-bin/browse-edgar?CIK=BRCM&action=getcompany
BF.B,Brown-Forman Corporation,0,N/A,N/A,N/A,N/A,N/A,N/A,N/A,N/A,N/A,http://www.sec.gov/cgi-bin/browse-edgar?CIK=BF.B&action=getcompany
CHRW,C. H. Robinson Worldwide,54.23,2.38,19.78,7.896,50.81,76.76,8.779B,744.8M,0.81,6.81,http://www.sec.gov/cgi-bin/browse-edgar?CIK=CHRW&action=getcompany
CA,"CA, Inc.",25.56,2.36,12.97,11.739,18.61,28,11.989B,1.719B,2.49,2.17,http://www.sec.gov/cgi-bin/browse-edgar?CIK=CA&action=getcompany
CVC,Cablevision Systems Corp.,15.5,3.85,17.83,-20.681,10.76,19.25,4.202B,2.210B,0.63,N/A,http://www.sec.gov/cgi-bin/browse-edgar?CIK=CVC&action=getcompany
COG,Cabot Oil & Gas,42.88,0.17,83.62,10.17,27.77,45,9.004B,598.4M,8.55,4.28,http://www.sec.gov/cgi-bin/browse-edgar?CIK=COG&action=getcompany
CAM,Cameron International Corp.,52.29,N/A,22.49,20.452,38.38,57.65,12.878B,1.199B,1.69,2.54,http://www.sec.gov/cgi-bin/browse-edgar?CIK=CAM&action=getcompany
CPB,Campbell Soup,33.31,3.5,14.35,4.025,29.93,34.58,10.526B,1.519B,1.36,8.24,http://www.sec.gov/cgi-bin/browse-edgar?CIK=CPB&action=getcompany
COF,Capital One Financial,56.1,0.35,10.59,64.379,36.33,58.69,32.409B,0,2.36,0.88,http://www.sec.gov/cgi-bin/browse-edgar?CIK=COF&action=getcompany
CAH,Cardinal Health Inc.,40.27,2.2,13.15,18.099,38.56,46.23,13.893B,2.189B,0.13,2.22,http://www.sec.gov/cgi-bin/browse-edgar?CIK=CAH&action=getcompany
CFN,Carefusion,26.29,N/A,20.11,23.771,22.55,27.29,5.834B,850.0M,1.49,1.03,http://www.sec.gov/cgi-bin/browse-edgar?CIK=CFN&action=getcompany
KMX,Carmax Inc,28.99,N/A,16.39,12.353,22.77,35.17,6.620B,778.7M,0.64,2.35,http://www.sec.gov/cgi-bin/browse-edgar?CIK=KMX&action=getcompany
CCL,Carnival Corp.,34.05,2.94,18.62,29.558,28.52,37.31,26.525B,3.551B,1.67,1.15,http://www.sec.gov/cgi-bin/browse-edgar?CIK=CCL&action=getcompany
CAT,Caterpillar Inc.,88.94,2.15,9.88,24.379,67.54,116.95,58.102B,11.350B,0.87,3.63,http://www.sec.gov/cgi-bin/browse-edgar?CIK=CAT&action=getcompany
CBG,CBRE Group,17.77,N/A,23.33,3.911,12.3,21.16,5.702B,753.2M,0.91,4.55,http://www.sec.gov/cgi-bin/browse-edgar?CIK=CBG&action=getcompany
CBS,CBS Corp.,35.69,1.12,15.87,15.663,17.99,35.9,23.056B,3.359B,1.58,2.27,http://www.sec.gov/cgi-bin/browse-edgar?CIK=CBS&action=getcompany
CELG,Celgene Corp.,71.94,N/A,20.71,13.758,51.75,80.42,31.037B,2.189B,5.94,5.18,http://www.sec.gov/cgi-bin/browse-edgar?CIK=CELG&action=getcompany
CNP,CenterPoint Energy,21.08,3.82,6.59,10.136,18.07,21.47,9.009B,2.232B,1.18,2.07,http://www.sec.gov/cgi-bin/browse-edgar?CIK=CNP&action=getcompany
CTL,CenturyLink Inc,42.78,6.82,46.59,33.219,31.16,43.43,26.577B,7.551B,1.45,1.28,http://www.sec.gov/cgi-bin/browse-edgar?CIK=CTL&action=getcompany
CERN,Cerner,71.12,N/A,35.34,15.006,54.02,88.32,12.174B,658.1M,5.08,4.78,http://www.sec.gov/cgi-bin/browse-edgar?CIK=CERN&action=getcompany
CF,CF Industries Holdings Inc,207.95,0.56,8.14,78.062,115.34,215.18,13.371B,3.472B,2.14,2.72,http://www.sec.gov/cgi-bin/browse-edgar?CIK=CF&action=getcompany
SCHW,Charles Schwab,12.88,1.84,19.65,6.068,10.56,15.53,16.375B,0,3.47,2.14,http://www.sec.gov/cgi-bin/browse-edgar?CIK=SCHW&action=getcompany
CHK,Chesapeake Energy,19.68,1.73,6.77,26.325,13.32,33.87,13.028B,5.139B,1.07,0.77,http://www.sec.gov/cgi-bin/browse-edgar?CIK=CHK&action=getcompany
CVX,Chevron Corp.,113.55,2.93,8.39,63.607,86.68,113.28,224.1B,50.901B,0.97,1.77,http://www.sec.gov/cgi-bin/browse-edgar?CIK=CVX&action=getcompany
CMG,Chipotle Mexican Grill,295.39,N/A,36.11,39.801,271.53,442.4,9.359B,512.0M,3.74,7.47,http://www.sec.gov/cgi-bin/browse-edgar?CIK=CMG&action=getcompany
CB,Chubb Corp.,72.45,2.21,12.21,57.381,56.19,74.4,19.257B,2.611B,1.4,1.26,http://www.sec.gov/cgi-bin/browse-edgar?CIK=CB&action=getcompany
CI,CIGNA Corp.,43.82,0.09,9.73,31.302,38.79,49.89,12.636B,2.483B,0.5,1.4,http://www.sec.gov/cgi-bin/browse-edgar?CIK=CI&action=getcompany
CINF,Cincinnati Financial,38.29,4.22,22.83,31.753,24.66,38.51,6.223B,436.0M,1.59,1.2,http://www.sec.gov/cgi-bin/browse-edgar?CIK=CINF&action=getcompany
CTAS,Cintas Corporation,40.93,1.33,17.95,16.908,26.39,41.14,5.179B,695.5M,1.26,2.41,http://www.sec.gov/cgi-bin/browse-edgar?CIK=CTAS&action=getcompany
CSCO,Cisco Systems,17.54,1.58,13.03,9.541,14.9,21.3,93.960B,12.835B,2.08,1.86,http://www.sec.gov/cgi-bin/browse-edgar?CIK=CSCO&action=getcompany
C,Citigroup Inc.,28.9,0.14,8.36,62.608,21.4,38.4,84.749B,0,1.3,0.46,http://www.sec.gov/cgi-bin/browse-edgar?CIK=C&action=getcompany
CTXS,Citrix Systems,76.26,N/A,39.51,15.48,50.21,87.99,14.434B,591.9M,5.98,4.88,http://www.sec.gov/cgi-bin/browse-edgar?CIK=CTXS&action=getcompany
CLF,Cliffs Natural Resources,44.91,2.64,4.54,44.179,36.06,85.64,6.399B,2.311B,0.96,1.02,http://www.sec.gov/cgi-bin/browse-edgar?CIK=CLF&action=getcompany
CLX,Clorox Co.,71.85,3.41,17.52,-1.038,63.06,73.65,9.345B,1.080B,1.7,N/A,http://www.sec.gov/cgi-bin/browse-edgar?CIK=CLX&action=getcompany
CME,CME Group Inc.,53.59,3.83,11.3,65.302,44.938,60.922,17.742B,2.150B,5.57,0.82,http://www.sec.gov/cgi-bin/browse-edgar?CIK=CME&action=getcompany
CMS,CMS Energy,23.89,3.92,18.29,11.797,18.13,24.98,6.300B,1.490B,1.02,2.01,http://www.sec.gov/cgi-bin/browse-edgar?CIK=CMS&action=getcompany
COH,Coach Inc.,54.83,1.77,15.6,6.961,45.7,79.7,15.698B,1.644B,3.31,7.91,http://www.sec.gov/cgi-bin/browse-edgar?CIK=COH&action=getcompany
KO,Coca Cola Co.,78.79,2.47,20.98,14.335,63.34,81.33,177.4B,12.984B,3.75,5.53,http://www.sec.gov/cgi-bin/browse-edgar?CIK=KO&action=getcompany
CCE,Coca-Cola Enterprises,29.43,1.96,13.02,9.385,23.03,30.73,8.667B,1.338B,1.07,3.15,http://www.sec.gov/cgi-bin/browse-edgar?CIK=CCE&action=getcompany
CTSH,Cognizant Technology Solutions,64.97,N/A,20.65,13.541,53.54,78,19.636B,1.390B,2.88,4.76,http://www.sec.gov/cgi-bin/browse-edgar?CIK=CTSH&action=getcompany
CL,Colgate-Palmolive,105.37,2.29,20.78,4.863,83.53,109.84,49.963B,4.339B,2.92,21.58,http://www.sec.gov/cgi-bin/browse-edgar?CIK=CL&action=getcompany
CMCSA,Comcast Corp.,34.73,1.6,19.86,17.838,19.54,35.16,92.931B,19.373B,1.55,1.94,http://www.sec.gov/cgi-bin/browse-edgar?CIK=CMCSA&action=getcompany
CMA,Comerica Inc.,30.81,1.47,12.91,36.171,21.48,34,5.962B,0,2.43,0.85,http://www.sec.gov/cgi-bin/browse-edgar?CIK=CMA&action=getcompany
CSC,Computer Sciences Corp.,31.32,2.62,N/A,17.906,22.19,33.8,4.861B,1.369B,0.3,1.7,http://www.sec.gov/cgi-bin/browse-edgar?CIK=CSC&action=getcompany
CAG,ConAgra Foods Inc.,24.83,3.88,22.11,10.891,22.39,27.34,10.123B,1.211B,0.76,2.27,http://www.sec.gov/cgi-bin/browse-edgar?CIK=CAG&action=getcompany
COP,ConocoPhillips,57.28,34.45,6.67,37.85,50.62,78.29,69.569B,29.933B,0.3,1.51,http://www.sec.gov/cgi-bin/browse-edgar?CIK=COP&action=getcompany
CNX,CONSOL Energy Inc.,32.87,1.51,12.39,17.004,26.41,46.9,7.482B,1.307B,1.34,1.95,http://www.sec.gov/cgi-bin/browse-edgar?CIK=CNX&action=getcompany
ED,Consolidated Edison,63.87,3.79,17.57,39.533,53.33,65.98,18.707B,3.160B,1.5,1.61,http://www.sec.gov/cgi-bin/browse-edgar?CIK=ED&action=getcompany
STZ,Constellation Brands,29.94,N/A,13.67,12.968,17.05,30.09,5.310B,651.1M,1.99,2.3,http://www.sec.gov/cgi-bin/browse-edgar?CIK=STZ&action=getcompany
CBE,Cooper Industries,74.08,2.05,17.71,24.11,41.15,73.67,11.831B,933.8M,2.08,3.05,http://www.sec.gov/cgi-bin/browse-edgar?CIK=CBE&action=getcompany
GLW,Corning Inc.,11.57,2.37,8.09,14.332,10.62,15.75,17.228B,2.557B,2.22,0.81,http://www.sec.gov/cgi-bin/browse-edgar?CIK=GLW&action=getcompany
COST,Costco Co.,95.3,1.08,26.62,29.048,71.7,97.76,41.202B,3.460B,0.43,3.28,http://www.sec.gov/cgi-bin/browse-edgar?CIK=COST&action=getcompany
CVH,Coventry Health Care Inc.,32.45,0.77,9.84,32.416,25.78,36.04,4.511B,906.3M,0.34,1,http://www.sec.gov/cgi-bin/browse-edgar?CIK=CVH&action=getcompany
COV,Covidien plc,57.17,1.59,14.56,21.844,41.35,57.5,27.572B,3.287B,2.29,2.59,http://www.sec.gov/cgi-bin/browse-edgar?CIK=COV&action=getcompany
CCI,Crown Castle International Corp.,62.42,N/A,70.16,9.855,38.7,63.19,18.142B,1.363B,8.29,6.28,http://www.sec.gov/cgi-bin/browse-edgar?CIK=CCI&action=getcompany
CSX,CSX Corp.,22.98,2.21,12.69,8.54,17.69,23.71,23.899B,4.525B,1.98,2.65,http://www.sec.gov/cgi-bin/browse-edgar?CIK=CSX&action=getcompany
CMI,Cummins Inc.,101.31,1.58,10.06,32.325,79.53,129.51,19.127B,2.515B,1.04,3.13,http://www.sec.gov/cgi-bin/browse-edgar?CIK=CMI&action=getcompany
CVS,CVS Caremark Corp.,44.95,1.36,17.07,29.498,32.14,48.69,57.604B,8.046B,0.51,1.53,http://www.sec.gov/cgi-bin/browse-edgar?CIK=CVS&action=getcompany
DHI,D. R. Horton,18.09,0.82,6.97,10.931,8.03,19.35,5.776B,233.4M,1.43,1.69,http://www.sec.gov/cgi-bin/browse-edgar?CIK=DHI&action=getcompany
DHR,Danaher Corp.,53.48,0.19,16.32,26.32,39.34,56.45,37.188B,4.016B,2.04,2.01,http://www.sec.gov/cgi-bin/browse-edgar?CIK=DHR&action=getcompany
DRI,Darden Restaurants,52.85,3.37,14.87,14.276,40.69,55.84,6.819B,1.086B,0.86,3.72,http://www.sec.gov/cgi-bin/browse-edgar?CIK=DRI&action=getcompany
DVA,DaVita Inc.,96.68,N/A,17.69,25.174,59.14,100.52,9.146B,1.602B,1.2,3.82,http://www.sec.gov/cgi-bin/browse-edgar?CIK=DVA&action=getcompany
DF,Dean Foods,16.63,N/A,N/A,-0.286,7.83,17.5,3.068B,773.6M,0.23,N/A,http://www.sec.gov/cgi-bin/browse-edgar?CIK=DF&action=getcompany
DE,Deere & Co.,79.37,2.21,10.91,18.552,59.92,89.7,31.568B,5.606B,0.93,4.24,http://www.sec.gov/cgi-bin/browse-edgar?CIK=DE&action=getcompany
DELL,Dell Inc.,12.41,N/A,7.08,5.313,11.39,18.36,21.705B,5.064B,0.35,2.33,http://www.sec.gov/cgi-bin/browse-edgar?CIK=DELL&action=getcompany
DNR,Denbury Resources Inc.,15.83,N/A,9.52,12.756,10.2,21.37,6.129B,1.696B,2.51,1.23,http://www.sec.gov/cgi-bin/browse-edgar?CIK=DNR&action=getcompany
XRAY,Dentsply International,38.63,0.56,23.66,13.763,28.35,41.38,5.477B,467.3M,1.93,2.8,http://www.sec.gov/cgi-bin/browse-edgar?CIK=XRAY&action=getcompany
DVN,Devon Energy Corp.,59.88,1.22,10.2,54.944,50.74,76.34,24.221B,6.628B,2.52,1.1,http://www.sec.gov/cgi-bin/browse-edgar?CIK=DVN&action=getcompany
DV,"DeVry, Inc.",19.23,1.51,6.52,21.183,18.15,48.64,1.259B,455.2M,0.61,0.94,http://www.sec.gov/cgi-bin/browse-edgar?CIK=DV&action=getcompany
DO,Diamond Offshore Drilling,68.15,5.11,11.44,32.238,51.16,72.8,9.475B,1.408B,3.09,2.12,http://www.sec.gov/cgi-bin/browse-edgar?CIK=DO&action=getcompany
DTV,DirecTV,52.1,N/A,13.12,-6.775,39.82,50.68,32.711B,7.046B,1.11,N/A,http://www.sec.gov/cgi-bin/browse-edgar?CIK=DTV&action=getcompany
DFS,Discover Financial Services,36.84,0.99,8.47,17.204,21.44,37.22,18.969B,0,2.9,2.12,http://www.sec.gov/cgi-bin/browse-edgar?CIK=DFS&action=getcompany
DISCA,Discovery Communications,54.58,N/A,19.46,17.184,35.65,55.35,20.795B,1.975B,4.6,3.14,http://www.sec.gov/cgi-bin/browse-edgar?CIK=DISCA&action=getcompany
DLTR,Dollar Tree,50.72,N/A,24.51,6.382,30.56,56.815,11.765B,975.8M,1.76,8.09,http://www.sec.gov/cgi-bin/browse-edgar?CIK=DLTR&action=getcompany
D,Dominion Resources,53.72,3.81,22.82,20.748,46.7,55.62,30.800B,4.509B,2.26,2.58,http://www.sec.gov/cgi-bin/browse-edgar?CIK=D&action=getcompany
RRD,Donnelley (R.R.) & Sons,12.74,8.18,N/A,5.88,9.95,16.75,2.297B,1.267B,0.22,2.16,http://www.sec.gov/cgi-bin/browse-edgar?CIK=RRD&action=getcompany
DOV,Dover Corp.,57.36,2.22,12.33,27.954,43.64,67.2,10.486B,1.603B,1.24,2.03,http://www.sec.gov/cgi-bin/browse-edgar?CIK=DOV&action=getcompany
DOW,Dow Chemical,29.73,3.58,18.87,15.959,20.61,36.08,35.620B,6.673B,0.61,1.87,http://www.sec.gov/cgi-bin/browse-edgar?CIK=DOW&action=getcompany
DPS,Dr Pepper Snapple Group,45.03,2.93,16.16,10.9,34.65,45.85,9.481B,1.264B,1.59,4.13,http://www.sec.gov/cgi-bin/browse-edgar?CIK=DPS&action=getcompany
DTE,DTE Energy Co.,60.51,3.91,16.19,41.583,46.7,62.56,10.393B,2.254B,1.19,1.45,http://www.sec.gov/cgi-bin/browse-edgar?CIK=DTE&action=getcompany
DD,Du Pont (E.I.),51.08,2.47,13.66,11.076,37.1,53.98,47.523B,6.814B,1.17,4.56,http://www.sec.gov/cgi-bin/browse-edgar?CIK=DD&action=getcompany
DUK,Duke Energy,67.85,3.3,20.25,50.267,53.25,71.13,30.261B,5.300B,2.13,1.35,http://www.sec.gov/cgi-bin/browse-edgar?CIK=DUK&action=getcompany
DNB,Dun & Bradstreet,79.02,1.92,13.72,-13.21,58.5,86.52,3.782B,520.0M,2.1,N/A,http://www.sec.gov/cgi-bin/browse-edgar?CIK=DNB&action=getcompany
ETFC,E-Trade,8.42,N/A,15.04,17.783,7.08,12.45,2.405B,0,1.77,0.48,http://www.sec.gov/cgi-bin/browse-edgar?CIK=ETFC&action=getcompany
EMN,Eastman Chemical,54.54,1.9,13.46,15.362,32.445,55.53,7.537B,1.251B,1.05,3.56,http://www.sec.gov/cgi-bin/browse-edgar?CIK=EMN&action=getcompany
ETN,Eaton Corp.,46.15,3.25,10.9,23.51,33.09,53.06,15.580B,2.269B,0.95,1.94,http://www.sec.gov/cgi-bin/browse-edgar?CIK=ETN&action=getcompany
EBAY,eBay Inc.,43.99,N/A,15.57,14.683,26.86,46.15,56.689B,3.758B,4.38,3.02,http://www.sec.gov/cgi-bin/browse-edgar?CIK=EBAY&action=getcompany
ECL,Ecolab Inc.,65.34,1.2,36.85,19.219,43.99,68.96,19.113B,1.716B,2.02,3.36,http://www.sec.gov/cgi-bin/browse-edgar?CIK=ECL&action=getcompany
EIX,Edison Int'l,44.98,2.16,N/A,30.524,34.59,46.94,14.655B,3.723B,1.13,1.47,http://www.sec.gov/cgi-bin/browse-edgar?CIK=EIX&action=getcompany
EW,Edwards Lifesciences,98.17,N/A,47.06,12.486,61.59,106.94,11.280B,384.6M,6.33,7.87,http://www.sec.gov/cgi-bin/browse-edgar?CIK=EW&action=getcompany
EA,Electronic Arts,13.08,N/A,77.18,8.025,10.77,26.13,4.165B,274.0M,1.02,1.63,http://www.sec.gov/cgi-bin/browse-edgar?CIK=EA&action=getcompany
EMC,EMC Corp.,26.99,N/A,22.32,9.976,19.84,30,56.644B,5.018B,2.7,2.71,http://www.sec.gov/cgi-bin/browse-edgar?CIK=EMC&action=getcompany
EMR,Emerson Electric,51.25,2.39,15.9,14.328,39.5,53.78,37.597B,4.902B,1.53,3.51,http://www.sec.gov/cgi-bin/browse-edgar?CIK=EMR&action=getcompany
ESV,Ensco plc,55.14,2.61,12.39,49.143,37.39,59.9,12.801B,1.807B,3.22,1.13,http://www.sec.gov/cgi-bin/browse-edgar?CIK=ESV&action=getcompany
ETR,Entergy Corp.,71.75,4.66,12.69,50.959,61.08,74.5,12.714B,3.162B,1.17,1.4,http://www.sec.gov/cgi-bin/browse-edgar?CIK=ETR&action=getcompany
EOG,EOG Resources,109.99,0.6,21.32,49.499,66.81,119.97,29.700B,5.469B,2.92,2.21,http://www.sec.gov/cgi-bin/browse-edgar?CIK=EOG&action=getcompany
EQT,EQT Corporation,55.72,1.55,22.92,24.373,43.69,73.1,8.335B,943.4M,5.36,2.33,http://www.sec.gov/cgi-bin/browse-edgar?CIK=EQT&action=getcompany
EFX,Equifax Inc.,45.89,1.49,19.41,15.069,28.59,49.49,5.501B,672.8M,2.66,3.03,http://www.sec.gov/cgi-bin/browse-edgar?CIK=EFX&action=getcompany
EQR,Equity Residential,60.2,2.63,41.47,18.89,48.46,65.72,18.118B,1.306B,8.58,3.19,http://www.sec.gov/cgi-bin/browse-edgar?CIK=EQR&action=getcompany
EL,Estee Lauder Cos.,55.62,0.95,26.02,7.296,40.755,65.6,21.621B,1.658B,2.26,7.57,http://www.sec.gov/cgi-bin/browse-edgar?CIK=EL&action=getcompany
EXC,Exelon Corp.,38.92,3.7,16.52,25.83,36.27,45.45,33.199B,6.706B,1.64,1.49,http://www.sec.gov/cgi-bin/browse-edgar?CIK=EXC&action=getcompany
EXPE,Expedia Inc.,54.44,27.85,20.25,16.462,27.28,61.88,7.390B,688.3M,2.07,3.4,http://www.sec.gov/cgi-bin/browse-edgar?CIK=EXPE&action=getcompany
EXPD,Expeditors Int'l,36.68,1.46,21.04,9.871,34.83,47.73,7.791B,640.2M,1.27,3.69,http://www.sec.gov/cgi-bin/browse-edgar?CIK=EXPD&action=getcompany
ESRX,Express Scripts,61.92,N/A,25.28,5.714,34.47,62.8,49.875B,2.642B,1.07,10.94,http://www.sec.gov/cgi-bin/browse-edgar?CIK=ESRX&action=getcompany
XOM,Exxon Mobil Corp.,88.44,2.36,9.29,35.271,67.93,88.5,408.2B,75.725B,0.91,2.5,http://www.sec.gov/cgi-bin/browse-edgar?CIK=XOM&action=getcompany
FFIV,F5 Networks,102.23,N/A,30.09,16.227,69.01,139.46,8.077B,444.7M,6.13,6.36,http://www.sec.gov/cgi-bin/browse-edgar?CIK=FFIV&action=getcompany
FDO,Family Dollar Stores,63.71,1.2,18.28,11.231,46.38,74.73,7.445B,887.8M,0.83,5.78,http://www.sec.gov/cgi-bin/browse-edgar?CIK=FDO&action=getcompany
FAST,Fastenal Co,42.08,1.57,31.95,5.406,29.55,55.05,12.462B,684.6M,4.23,7.92,http://www.sec.gov/cgi-bin/browse-edgar?CIK=FAST&action=getcompany
FII,Federated Investors Inc.,20.51,4.69,13.45,5.623,14.36,23.89,2.136B,279.9M,2.39,3.64,http://www.sec.gov/cgi-bin/browse-edgar?CIK=FII&action=getcompany
FDX,FedEx Corporation,87.8,0.6,13.83,46.457,64.07,97.19,27.833B,5.367B,0.66,1.91,http://www.sec.gov/cgi-bin/browse-edgar?CIK=FDX&action=getcompany
FIS,Fidelity National Information Services,31.06,1.61,19.01,22.761,22.53,34.85,9.091B,1.708B,1.55,1.36,http://www.sec.gov/cgi-bin/browse-edgar?CIK=FIS&action=getcompany
FITB,Fifth Third Bancorp,14.29,2.23,9.17,14.555,9.13,14.73,13.131B,0,2.12,0.98,http://www.sec.gov/cgi-bin/browse-edgar?CIK=FITB&action=getcompany
FHN,First Horizon National,8.35,0.48,N/A,8.919,5.38,10.99,2.078B,0,1.48,0.93,http://www.sec.gov/cgi-bin/browse-edgar?CIK=FHN&action=getcompany
FSLR,First Solar Inc,21.43,N/A,N/A,38.654,11.43,106.81,1.864B,563.8M,0.6,0.56,http://www.sec.gov/cgi-bin/browse-edgar?CIK=FSLR&action=getcompany
FE,FirstEnergy Corp,45.85,4.8,16.86,31.857,40.37,51.14,19.175B,3.991B,1.18,1.44,http://www.sec.gov/cgi-bin/browse-edgar?CIK=FE&action=getcompany
FISV,Fiserv Inc,69.88,N/A,17.54,23.99,48.75,72.93,9.481B,1.338B,2.14,2.92,http://www.sec.gov/cgi-bin/browse-edgar?CIK=FISV&action=getcompany
FLIR,FLIR Systems,21.08,1.24,14.5,10.216,17.99,28.34,3.229B,427.0M,2.2,2.06,http://www.sec.gov/cgi-bin/browse-edgar?CIK=FLIR&action=getcompany
FLS,Flowserve Corporation,128.03,1.06,16.3,39.087,66.84,129.38,6.546B,742.8M,1.41,3.27,http://www.sec.gov/cgi-bin/browse-edgar?CIK=FLS&action=getcompany
FLR,Fluor Corp.,53.66,1.05,15.36,21.29,44.16,64.67,8.960B,1.205B,0.35,2.55,http://www.sec.gov/cgi-bin/browse-edgar?CIK=FLR&action=getcompany
FMC,FMC Corporation,54.61,0.61,19.67,9.608,31.905,56.445,7.499B,806.8M,2.06,5.64,http://www.sec.gov/cgi-bin/browse-edgar?CIK=FMC&action=getcompany
FTI,FMC Technologies Inc.,48.11,N/A,26.96,6.703,34.46,55.19,11.469B,716.8M,2,7.12,http://www.sec.gov/cgi-bin/browse-edgar?CIK=FTI&action=getcompany
F,Ford Motor,9.35,1.61,2.12,3.954,8.82,13.05,35.683B,11.257B,0.27,2.36,http://www.sec.gov/cgi-bin/browse-edgar?CIK=F&action=getcompany
FRX,Forest Laboratories,33.76,N/A,11.62,21.372,28.47,36.44,8.970B,1.076B,2.1,1.57,http://www.sec.gov/cgi-bin/browse-edgar?CIK=FRX&action=getcompany
FOSL,"Fossil, Inc.",86.47,N/A,18.45,18.158,62.77,139.2,5.355B,519.4M,2.05,4.77,http://www.sec.gov/cgi-bin/browse-edgar?CIK=FOSL&action=getcompany
BEN,Franklin Resources,116.23,2.63,13.62,41.155,87.71,127.83,24.711B,2.805B,3.47,2.82,http://www.sec.gov/cgi-bin/browse-edgar?CIK=BEN&action=getcompany
FCX,Freeport-McMoran Cp & Gld,36.31,3.13,10.81,17.469,28.85,48.96,34.458B,7.719B,1.85,2.06,http://www.sec.gov/cgi-bin/browse-edgar?CIK=FCX&action=getcompany
FTR,Frontier Communications,4.75,12.23,44.86,4.37,3.06,7.58,4.708B,2.430B,0.92,1.08,http://www.sec.gov/cgi-bin/browse-edgar?CIK=FTR&action=getcompany
GME,GameStop Corp.,17.74,1.78,7.03,22.571,15.32,26.66,2.311B,821.8M,0.24,0.75,http://www.sec.gov/cgi-bin/browse-edgar?CIK=GME&action=getcompany
GCI,Gannett Co.,15.08,3.71,8.92,10.224,8.28,16.26,3.490B,979.0M,0.67,1.47,http://www.sec.gov/cgi-bin/browse-edgar?CIK=GCI&action=getcompany
GPS,Gap (The),34.21,1.38,21.17,6.145,15.08,34.92,16.736B,2.042B,1.14,5.6,http://www.sec.gov/cgi-bin/browse-edgar?CIK=GPS&action=getcompany
GD,General Dynamics,63.58,3.09,9.31,38.727,53.95,74.54,22.430B,4.497B,0.69,1.64,http://www.sec.gov/cgi-bin/browse-edgar?CIK=GD&action=getcompany
GE,General Electric,21.1,3.13,18.27,11.376,14.02,21.19,222.8B,27.905B,1.53,1.85,http://www.sec.gov/cgi-bin/browse-edgar?CIK=GE&action=getcompany
GIS,General Mills,38.63,3.23,16.4,9.902,35.6,41.06,25.055B,3.205B,1.5,3.89,http://www.sec.gov/cgi-bin/browse-edgar?CIK=GIS&action=getcompany
GPC,Genuine Parts,64.13,2.94,16.77,18.838,48.18,66.5,9.947B,1.060B,0.78,3.41,http://www.sec.gov/cgi-bin/browse-edgar?CIK=GPC&action=getcompany
GNW,Genworth Financial Inc.,4.84,N/A,7.32,32.175,4.06,9.68,2.379B,1.408B,0.23,0.15,http://www.sec.gov/cgi-bin/browse-edgar?CIK=GNW&action=getcompany
GILD,Gilead Sciences,56.77,N/A,17.24,10.583,34.45,58.84,42.950B,4.229B,4.78,5.38,http://www.sec.gov/cgi-bin/browse-edgar?CIK=GILD&action=getcompany
GS,Goldman Sachs Group,103.02,1.46,15.49,134.476,84.27,128.72,51.139B,0,1.96,0.77,http://www.sec.gov/cgi-bin/browse-edgar?CIK=GS&action=getcompany
GT,Goodyear Tire & Rubber,11.74,N/A,11.53,1.827,8.53,15.8,2.873B,1.836B,0.13,6.4,http://www.sec.gov/cgi-bin/browse-edgar?CIK=GT&action=getcompany
GOOG,Google Inc.,642,N/A,19.04,197.957,480.6,670.25,210.0B,15.451B,4.87,3.24,http://www.sec.gov/cgi-bin/browse-edgar?CIK=GOOG&action=getcompany
GWW,Grainger (W.W.) Inc.,200.74,1.43,20.98,40.1,129.27,221.84,13.990B,1.289B,1.65,5.1,http://www.sec.gov/cgi-bin/browse-edgar?CIK=GWW&action=getcompany
HAL,Halliburton Co.,35.19,1.03,10.98,15.702,26.28,47.9,32.648B,6.485B,1.17,2.23,http://www.sec.gov/cgi-bin/browse-edgar?CIK=HAL&action=getcompany
HOG,Harley-Davidson,41.36,1.34,13.69,11.652,31.5,54.32,9.465B,1.228B,1.66,3.58,http://www.sec.gov/cgi-bin/browse-edgar?CIK=HOG&action=getcompany
HAR,Harman Int'l Industries,45.68,0.71,10.26,23.499,25.53,52.75,3.220B,391.3M,0.7,1.81,http://www.sec.gov/cgi-bin/browse-edgar?CIK=HAR&action=getcompany
HRS,Harris Corporation,45.64,2.68,227.8,17.391,32.68,45.92,5.107B,1.260B,0.94,2.62,http://www.sec.gov/cgi-bin/browse-edgar?CIK=HRS&action=getcompany
HIG,Hartford Financial Svc.Gp.,17.41,2.31,N/A,49.139,14.56,23.29,7.588B,1.793B,0.34,0.35,http://www.sec.gov/cgi-bin/browse-edgar?CIK=HIG&action=getcompany
HAS,Hasbro Inc.,37.56,3.53,14.12,10.741,31.36,39.2,4.894B,737.5M,1.17,3.48,http://www.sec.gov/cgi-bin/browse-edgar?CIK=HAS&action=getcompany
HCP,HCP Inc.,45.45,4.34,30.98,22.141,32.66,47.75,19.522B,1.480B,10.7,2.06,http://www.sec.gov/cgi-bin/browse-edgar?CIK=HCP&action=getcompany
HCN,Health Care REIT,59.66,4.91,88.06,32.952,43.65,62.8,12.737B,1.071B,7.53,1.81,http://www.sec.gov/cgi-bin/browse-edgar?CIK=HCN&action=getcompany
HNZ,Heinz (H.J.),55.06,3.55,19.34,8.614,48.54,55.84,17.638B,2.018B,1.52,6.4,http://www.sec.gov/cgi-bin/browse-edgar?CIK=HNZ&action=getcompany
HP,Helmerich & Payne,49.92,0.43,9.77,33.963,35.58,68.6,5.342B,1.205B,1.73,1.44,http://www.sec.gov/cgi-bin/browse-edgar?CIK=HP&action=getcompany
HES,Hess Corporation,49.68,0.81,13.39,58.634,39.67,67.86,16.911B,6.483B,0.45,0.85,http://www.sec.gov/cgi-bin/browse-edgar?CIK=HES&action=getcompany
HPQ,Hewlett-Packard,19.7,2.53,7.55,20.874,17.41,34,38.845B,14.732B,0.31,0.93,http://www.sec.gov/cgi-bin/browse-edgar?CIK=HPQ&action=getcompany
HD,Home Depot,53.06,2.11,20.03,11.748,29.79,54.28,81.217B,8.621B,1.14,4.52,http://www.sec.gov/cgi-bin/browse-edgar?CIK=HD&action=getcompany
HON,Honeywell Int'l Inc.,59.01,2.46,20.36,15.364,41.22,62,46.061B,3.801B,1.23,3.84,http://www.sec.gov/cgi-bin/browse-edgar?CIK=HON&action=getcompany
HRL,Hormel Foods Corp.,28.3,2.05,16.25,10.639,25.87,30.7,7.453B,814.0M,0.92,2.66,http://www.sec.gov/cgi-bin/browse-edgar?CIK=HRL&action=getcompany
HSP,Hospira Inc.,34.15,N/A,N/A,18.025,26.92,47.12,5.639B,468.3M,1.42,1.91,http://www.sec.gov/cgi-bin/browse-edgar?CIK=HSP&action=getcompany
HST,Host Hotels & Resorts,15.28,1.45,170.9,9.628,9.78,17.26,11.041B,1.065B,2.12,1.58,http://www.sec.gov/cgi-bin/browse-edgar?CIK=HST&action=getcompany
HCBK,Hudson City Bancorp,6.61,4.87,N/A,9.392,5.09,7.62,3.282B,0,3.97,0.7,http://www.sec.gov/cgi-bin/browse-edgar?CIK=HCBK&action=getcompany
HUM,Humana Inc.,67.62,1.51,8.87,52.284,59.92,96.46,10.935B,2.384B,0.28,1.28,http://www.sec.gov/cgi-bin/browse-edgar?CIK=HUM&action=getcompany
HBAN,Huntington Bancshares,6.445,2.5,10.32,6.131,4.46,6.83,5.532B,0,2.16,1.04,http://www.sec.gov/cgi-bin/browse-edgar?CIK=HBAN&action=getcompany
ITW,Illinois Tool Works,57.31,2.54,11.85,21.324,39.12,58.27,27.102B,3.445B,1.48,2.66,http://www.sec.gov/cgi-bin/browse-edgar?CIK=ITW&action=getcompany
IR,Ingersoll-Rand PLC,45.08,1.25,18.17,23.603,25.86,45.62,13.896B,1.902B,0.96,1.9,http://www.sec.gov/cgi-bin/browse-edgar?CIK=IR&action=getcompany
TEG,Integrys Energy Group Inc.,58.4,4.63,22.93,38.451,45.75,61.92,4.550B,609.8M,1.06,1.53,http://www.sec.gov/cgi-bin/browse-edgar?CIK=TEG&action=getcompany
INTC,Intel Corp.,26.88,3.2,11.33,9.731,19.16,29.27,134.5B,23.768B,2.45,2.74,http://www.sec.gov/cgi-bin/browse-edgar?CIK=INTC&action=getcompany
ICE,IntercontinentalExchange Inc.,133.26,N/A,17.73,46.398,104,142.75,9.696B,950.9M,6.99,2.87,http://www.sec.gov/cgi-bin/browse-edgar?CIK=ICE&action=getcompany
IBM,International Bus. Machines,199.29,1.61,14.41,17.914,157.13,210.69,227.7B,26.799B,2.14,11.08,http://www.sec.gov/cgi-bin/browse-edgar?CIK=IBM&action=getcompany
IFF,International Flav/Frag,61.43,2.03,18.96,14.781,51.2,63.78,4.980B,540.0M,1.78,4.13,http://www.sec.gov/cgi-bin/browse-edgar?CIK=IFF&action=getcompany
IGT,International Game Technology,11.37,2.16,15.62,3.798,10.92,18.17,3.328B,721.1M,1.58,2.93,http://www.sec.gov/cgi-bin/browse-edgar?CIK=IGT&action=getcompany
IP,International Paper,32.89,2.41,13.21,15.442,21.55,36.5,14.217B,3.555B,0.53,2.12,http://www.sec.gov/cgi-bin/browse-edgar?CIK=IP&action=getcompany
IPG,Interpublic Group,10.74,2.23,10.3,5.039,6.73,12.17,4.695B,849.6M,0.67,2.14,http://www.sec.gov/cgi-bin/browse-edgar?CIK=IPG&action=getcompany
INTU,Intuit Inc.,59.03,1.02,24.73,9.632,39.87,62.33,17.335B,1.422B,4.18,6.14,http://www.sec.gov/cgi-bin/browse-edgar?CIK=INTU&action=getcompany
ISRG,Intuitive Surgical Inc.,498.58,N/A,35.35,79.759,320,594.89,19.910B,848.2M,10.06,6.24,http://www.sec.gov/cgi-bin/browse-edgar?CIK=ISRG&action=getcompany
IVZ,Invesco Ltd.,23.7,2.3,15.11,18.341,14.52,26.94,10.552B,994.7M,2.6,1.29,http://www.sec.gov/cgi-bin/browse-edgar?CIK=IVZ&action=getcompany
IRM,Iron Mountain Incorporated,33.69,3.06,37.15,7.222,27.1,34.77,5.783B,940.3M,1.9,4.61,http://www.sec.gov/cgi-bin/browse-edgar?CIK=IRM&action=getcompany
JBL,Jabil Circuit,22.67,1.07,11.3,9.8,13.94,27.4,4.658B,990.3M,0.27,2.3,http://www.sec.gov/cgi-bin/browse-edgar?CIK=JBL&action=getcompany
JEC,Jacobs Engineering Group,39.34,N/A,13.92,28.203,30.74,48.17,5.104B,693.0M,0.48,1.41,http://www.sec.gov/cgi-bin/browse-edgar?CIK=JEC&action=getcompany
JDSU,JDS Uniphase Corp.,10.9,N/A,N/A,4.637,8.47,15.17,2.524B,179.4M,1.45,2.32,http://www.sec.gov/cgi-bin/browse-edgar?CIK=JDSU&action=getcompany
JNJ,Johnson & Johnson,68.64,3.4,21.7,21.972,60.83,69.75,189.2B,19.627B,2.9,3.11,http://www.sec.gov/cgi-bin/browse-edgar?CIK=JNJ&action=getcompany
JCI,Johnson Controls,26.11,2.7,10.32,16.953,23.37,35.95,17.859B,2.894B,0.42,1.53,http://www.sec.gov/cgi-bin/browse-edgar?CIK=JCI&action=getcompany
JOY,Joy Global Inc.,57.24,1.23,8.64,21.996,47.69,96,6.058B,1.224B,1.17,2.58,http://www.sec.gov/cgi-bin/browse-edgar?CIK=JOY&action=getcompany
JPM,JPMorgan Chase & Co.,36.97,2.98,8.53,48.248,27.85,46.49,140.8B,0,1.6,0.77,http://www.sec.gov/cgi-bin/browse-edgar?CIK=JPM&action=getcompany
JNPR,Juniper Networks,19.24,N/A,40.5,13.66,14.01,25.61,10.154B,617.7M,2.36,1.42,http://www.sec.gov/cgi-bin/browse-edgar?CIK=JNPR&action=getcompany
K,Kellogg Co.,50.98,3.39,15.45,6.008,46.33,55.3,18.251B,2.324B,1.37,8.45,http://www.sec.gov/cgi-bin/browse-edgar?CIK=K&action=getcompany
KEY,KeyCorp,8.34,1.68,9.5,10.433,5.59,8.82,7.885B,0,1.97,0.8,http://www.sec.gov/cgi-bin/browse-edgar?CIK=KEY&action=getcompany
KMB,Kimberly-Clark,82.82,3.48,18.29,14.506,64.31,88.25,32.681B,3.994B,1.55,5.71,http://www.sec.gov/cgi-bin/browse-edgar?CIK=KMB&action=getcompany
KIM,Kimco Realty,19.56,3.84,50.31,12.32,13.55,20.09,7.960B,558.7M,8.47,1.58,http://www.sec.gov/cgi-bin/browse-edgar?CIK=KIM&action=getcompany
KMI,Kinder Morgan,34.64,3.57,281.97,16.89,23.51,40.25,29.167B,2.917B,3.59,2.12,http://www.sec.gov/cgi-bin/browse-edgar?CIK=KMI&action=getcompany
KLAC,KLA-Tencor Corp.,53.12,2.73,11.95,19.861,33.2,55.43,8.868B,1.108B,2.79,2.67,http://www.sec.gov/cgi-bin/browse-edgar?CIK=KLAC&action=getcompany
KSS,Kohl's Corp.,51,2.22,11.93,26.033,42.14,56.66,12.229B,2.876B,0.65,1.98,http://www.sec.gov/cgi-bin/browse-edgar?CIK=KSS&action=getcompany
KFT,Kraft Foods Inc-A,40.92,2.82,20.43,20.398,31.88,41.5,72.715B,8.905B,1.34,2.01,http://www.sec.gov/cgi-bin/browse-edgar?CIK=KFT&action=getcompany
KR,Kroger Co.,22.5,1.53,21.52,7.432,20.98,24.83,12.255B,3.911B,0.13,3.03,http://www.sec.gov/cgi-bin/browse-edgar?CIK=KR&action=getcompany
LLL,L-3 Communications Holdings,70.39,2.7,7.79,70.347,58.3,74.79,6.796B,1.846B,0.45,1,http://www.sec.gov/cgi-bin/browse-edgar?CIK=LLL&action=getcompany
LH,Laboratory Corp. of America Holding,88.5,N/A,15.1,27.472,74.57,95.3,8.487B,1.279B,1.51,3.22,http://www.sec.gov/cgi-bin/browse-edgar?CIK=LH&action=getcompany
LRCX,Lam Research,35.54,N/A,26.34,38.298,33.24,45.48,4.762B,339.4M,1.79,0.93,http://www.sec.gov/cgi-bin/browse-edgar?CIK=LRCX&action=getcompany
LM,Legg Mason,25.75,1.35,24.19,40.589,22.36,29.56,3.636B,445.3M,1.42,0.64,http://www.sec.gov/cgi-bin/browse-edgar?CIK=LM&action=getcompany
LEG,Leggett & Platt,23.12,4.83,20.83,9.587,18.37,24.84,3.248B,400.3M,0.88,2.42,http://www.sec.gov/cgi-bin/browse-edgar?CIK=LEG&action=getcompany
LEN,Lennar Corp.,31.2,0.51,12.47,16.787,12.14,31.9,5.907B,223.6M,1.74,1.88,http://www.sec.gov/cgi-bin/browse-edgar?CIK=LEN&action=getcompany
LUK,Leucadia National Corp.,22.19,1.13,44.53,24.909,19.58,30.04,5.427B,758.9M,1.07,0.89,http://www.sec.gov/cgi-bin/browse-edgar?CIK=LUK&action=getcompany
LXK,Lexmark Int'l Inc,19.9,4.09,6.12,20.205,16.1,38.34,1.407B,629.1M,0.35,0.97,http://www.sec.gov/cgi-bin/browse-edgar?CIK=LXK&action=getcompany
LIFE,Life Technologies,47.59,N/A,19.42,26.334,35.3,50.84,8.479B,1.246B,2.19,1.79,http://www.sec.gov/cgi-bin/browse-edgar?CIK=LIFE&action=getcompany
LLY,Lilly (Eli) & Co.,43.6,3.44,11.84,12.792,34.66,44.67,48.775B,6.880B,2.04,3.34,http://www.sec.gov/cgi-bin/browse-edgar?CIK=LLY&action=getcompany
LTD,Limited Brands Inc.,49.29,1.82,18.86,-0.449,33.13,51.84,14.349B,1.847B,1.4,N/A,http://www.sec.gov/cgi-bin/browse-edgar?CIK=LTD&action=getcompany
LNC,Lincoln National,22.94,1.25,28.71,50.276,13.75,27.54,6.471B,1.547B,0.61,0.46,http://www.sec.gov/cgi-bin/browse-edgar?CIK=LNC&action=getcompany
LLTC,Linear Technology Corp.,33.13,2.97,19.42,3.144,26.16,34.5,7.762B,637.7M,6.11,10.5,http://www.sec.gov/cgi-bin/browse-edgar?CIK=LLTC&action=getcompany
LMT,Lockheed Martin Corp.,91.03,4.14,10.53,6.84,68.07,92.24,29.330B,4.942B,0.61,13.24,http://www.sec.gov/cgi-bin/browse-edgar?CIK=LMT&action=getcompany
L,Loews Corp.,40.51,0.62,18.79,49.308,32.9,41.8,16.026B,3.377B,1.15,0.82,http://www.sec.gov/cgi-bin/browse-edgar?CIK=L&action=getcompany
LO,Lorillard Inc.,123.8,4.62,15.18,-11.969,100.63,141.07,16.170B,2.042B,3.58,N/A,http://www.sec.gov/cgi-bin/browse-edgar?CIK=LO&action=getcompany
LOW,Lowe's Cos.,26.77,2.16,17.72,12.808,18.28,32.29,31.501B,5.466B,0.62,2.1,http://www.sec.gov/cgi-bin/browse-edgar?CIK=LOW&action=getcompany
LSI,LSI Corporation,7.7,N/A,27.96,2.064,4.75,9.2,4.340B,383.5M,1.84,3.71,http://www.sec.gov/cgi-bin/browse-edgar?CIK=LSI&action=getcompany
MTB,M&T Bank Corp.,86.66,3.23,15.62,69.181,66.4,88,10.975B,0,3.05,1.25,http://www.sec.gov/cgi-bin/browse-edgar?CIK=MTB&action=getcompany
M,Macy's Inc.,38,1.57,12.48,14.602,22.66,42.17,15.700B,3.520B,0.59,2.61,http://www.sec.gov/cgi-bin/browse-edgar?CIK=M&action=getcompany
MRO,Marathon Oil Corp.,27.9,2.32,11.12,24.81,19.13,35.49,19.678B,8.178B,1.31,1.11,http://www.sec.gov/cgi-bin/browse-edgar?CIK=MRO&action=getcompany
MPC,Marathon Petroleum,49.56,1.95,6.97,27.106,26.35,50.79,16.886B,4.736B,0.22,1.8,http://www.sec.gov/cgi-bin/browse-edgar?CIK=MPC&action=getcompany
MAR,Marriott Int'l.,36.94,1.15,61.74,-3.483,25.49,40.45,11.923B,1.004B,4.06,N/A,http://www.sec.gov/cgi-bin/browse-edgar?CIK=MAR&action=getcompany
MMC,Marsh & McLennan,34.02,2.63,18.41,11.352,25.29,34.68,18.584B,2.025B,1.58,2.98,http://www.sec.gov/cgi-bin/browse-edgar?CIK=MMC&action=getcompany
MAS,Masco Corp.,12.97,2.29,N/A,1.231,6.6,14.68,4.632B,541.0M,0.62,10.64,http://www.sec.gov/cgi-bin/browse-edgar?CIK=MAS&action=getcompany
MA,Mastercard Inc.,426.03,0.21,25.53,50.161,293.01,466.98,53.168B,3.995B,7.46,8.49,http://www.sec.gov/cgi-bin/browse-edgar?CIK=MA&action=getcompany
MAT,Mattel Inc.,35.65,3.05,15.94,7.6,23.5,35.69,12.154B,1.252B,1.94,4.66,http://www.sec.gov/cgi-bin/browse-edgar?CIK=MAT&action=getcompany
MKC,McCormick & Co.,60.16,2.02,21.27,12.224,43.62,61.79,7.979B,665.6M,2.03,4.91,http://www.sec.gov/cgi-bin/browse-edgar?CIK=MKC&action=getcompany
MCD,McDonald's Corp.,88.2,3.11,16.37,13.918,83.65,102.22,88.944B,9.851B,3.2,6.26,http://www.sec.gov/cgi-bin/browse-edgar?CIK=MCD&action=getcompany
MHP,McGraw-Hill,49.19,2.07,15.43,5.935,36.43,50,13.783B,1.771B,2.16,8.21,http://www.sec.gov/cgi-bin/browse-edgar?CIK=MHP&action=getcompany
MCK,McKesson Corp.,89.06,0.9,14.67,30.52,66.61,97.23,21.019B,2.919B,0.17,2.9,http://www.sec.gov/cgi-bin/browse-edgar?CIK=MCK&action=getcompany
MJN,Mead Johnson,73,1.53,26.82,-0.085,60.62,88.72,14.875B,973.7M,3.88,N/A,http://www.sec.gov/cgi-bin/browse-edgar?CIK=MJN&action=getcompany
MWV,MeadWestvaco Corporation,28.18,3.59,21.16,18.242,22.75,32.5,4.892B,977.0M,0.78,1.53,http://www.sec.gov/cgi-bin/browse-edgar?CIK=MWV&action=getcompany
MDT,Medtronic Inc.,40.26,2.47,11.73,16.499,30.71,40.78,41.268B,5.470B,2.53,2.42,http://www.sec.gov/cgi-bin/browse-edgar?CIK=MDT&action=getcompany
MRK,Merck & Co.,44.57,3.7,20.28,18.034,30.54,45.17,135.6B,18.049B,2.79,2.46,http://www.sec.gov/cgi-bin/browse-edgar?CIK=MRK&action=getcompany
MET,MetLife Inc.,34.97,2.14,5.26,58.751,25.61,39.55,37.145B,12.709B,0.52,0.59,http://www.sec.gov/cgi-bin/browse-edgar?CIK=MET&action=getcompany
PCS,MetroPCS Communications Inc.,9.03,N/A,9.76,8.596,5.53,12.17,3.282B,1.395B,0.64,1.02,http://www.sec.gov/cgi-bin/browse-edgar?CIK=PCS&action=getcompany
MCHP,Microchip Technology,35.06,4,22.5,10.431,29.3,38.88,6.782B,477.3M,4.96,3.34,http://www.sec.gov/cgi-bin/browse-edgar?CIK=MCHP&action=getcompany
MU,Micron Technology,6.76,N/A,N/A,7.853,3.97,9.16,6.879B,1.710B,0.82,0.87,http://www.sec.gov/cgi-bin/browse-edgar?CIK=MU&action=getcompany
MSFT,Microsoft Corp.,30.42,2.49,15.25,7.918,23.79,32.95,255.0B,30.714B,3.47,3.85,http://www.sec.gov/cgi-bin/browse-edgar?CIK=MSFT&action=getcompany
MOLX,Molex Inc.,26.26,3.15,16.09,13.853,18.81,28.46,4.631B,668.3M,1.3,1.88,http://www.sec.gov/cgi-bin/browse-edgar?CIK=MOLX&action=getcompany
TAP,Molson Coors Brewing Company,44.17,2.91,12.07,43.206,37.96,45.99,7.980B,673.2M,2.26,1.02,http://www.sec.gov/cgi-bin/browse-edgar?CIK=TAP&action=getcompany
MON,Monsanto Co.,86.74,1.35,22.14,22.689,58.89,89.73,46.228B,3.948B,3.46,3.91,http://www.sec.gov/cgi-bin/browse-edgar?CIK=MON&action=getcompany
MNST,Monster Beverage,54.27,N/A,37.09,6.058,38.195,83.96,9.563B,510.4M,5.99,10.1,http://www.sec.gov/cgi-bin/browse-edgar?CIK=MNST&action=getcompany
MCO,Moody's Corp,39.61,1.52,15.74,0.446,26.79,43.05,8.805B,1.009B,3.69,88.79,http://www.sec.gov/cgi-bin/browse-edgar?CIK=MCO&action=getcompany
MS,Morgan Stanley,14.61,1.36,11.96,30.741,11.58,21.19,28.890B,0,0.99,0.48,http://www.sec.gov/cgi-bin/browse-edgar?CIK=MS&action=getcompany
MOS,The Mosaic Company,58.51,0.81,13.27,28.164,44.43,74,24.894B,3.152B,2.25,2.08,http://www.sec.gov/cgi-bin/browse-edgar?CIK=MOS&action=getcompany
MSI,Motorola Solutions Inc.,48.1,1.84,23.44,13.44,38.36,52.78,13.771B,1.549B,1.61,3.55,http://www.sec.gov/cgi-bin/browse-edgar?CIK=MSI&action=getcompany
MUR,Murphy Oil,54.96,1.5,12.2,47.91,40.41,65.6,10.674B,3.375B,0.38,1.15,http://www.sec.gov/cgi-bin/browse-edgar?CIK=MUR&action=getcompany
MYL,Mylan Inc.,23.46,N/A,18.17,7.848,15.49,23.88,9.522B,1.629B,1.48,2.97,http://www.sec.gov/cgi-bin/browse-edgar?CIK=MYL&action=getcompany
NBR,Nabors Industries Ltd.,15.23,N/A,146.07,19.696,11.05,22.73,4.421B,2.048B,0.65,0.79,http://www.sec.gov/cgi-bin/browse-edgar?CIK=NBR&action=getcompany
NDAQ,NASDAQ OMX Group,23.36,N/A,11.22,29.355,20.9,27.34,3.948B,878.0M,1.15,0.79,http://www.sec.gov/cgi-bin/browse-edgar?CIK=NDAQ&action=getcompany
NOV,National Oilwell Varco Inc.,77.36,0.61,14.15,44.14,47.97,87.72,32.984B,3.934B,1.93,1.74,http://www.sec.gov/cgi-bin/browse-edgar?CIK=NOV&action=getcompany
NTAP,NetApp,32.58,N/A,20.34,11.776,27.79,46.8,11.957B,939.8M,1.89,2.73,http://www.sec.gov/cgi-bin/browse-edgar?CIK=NTAP&action=getcompany
NFLX,NetFlix Inc.,59.9,N/A,32.98,12.393,52.81,247.85,3.326B,228.1M,0.93,4.67,http://www.sec.gov/cgi-bin/browse-edgar?CIK=NFLX&action=getcompany
NWL,Newell Rubbermaid Co.,16.98,1.97,55.29,6.748,10.87,19.49,4.960B,903.5M,0.85,2.56,http://www.sec.gov/cgi-bin/browse-edgar?CIK=NWL&action=getcompany
NFX,Newfield Exploration Co,32.11,N/A,7.46,31.684,25.01,56.59,4.247B,1.933B,1.64,1.02,http://www.sec.gov/cgi-bin/browse-edgar?CIK=NFX&action=getcompany
NEM,Newmont Mining Corp. (Hldg. Co.),47.48,2.86,101.72,26.284,42.95,72.42,23.324B,5.023B,2.23,1.8,http://www.sec.gov/cgi-bin/browse-edgar?CIK=NEM&action=getcompany
NWSA,News Corporation,23.39,0.76,17.72,11.414,14.72,24.05,56.641B,6.769B,1.67,2.07,http://www.sec.gov/cgi-bin/browse-edgar?CIK=NWSA&action=getcompany
NEE,NextEra Energy Resources,69.8,3.32,13.5,37.345,51.33,72.22,29.508B,5.667B,1.92,1.85,http://www.sec.gov/cgi-bin/browse-edgar?CIK=NEE&action=getcompany
NKE,NIKE Inc.,94.5,1.46,20.1,22.666,78.5,114.81,43.080B,3.435B,1.8,4.19,http://www.sec.gov/cgi-bin/browse-edgar?CIK=NKE&action=getcompany
NI,NiSource Inc.,25.17,3.68,23.79,17.928,19.48,26.15,7.168B,1.463B,1.38,1.41,http://www.sec.gov/cgi-bin/browse-edgar?CIK=NI&action=getcompany
NE,Noble Corp,38.39,1.47,17.96,29.71,27.33,41.71,9.689B,1.280B,3.12,1.29,http://www.sec.gov/cgi-bin/browse-edgar?CIK=NE&action=getcompany
NBL,Noble Energy Inc,90.91,0.98,23.11,43.848,65.91,105.46,16.182B,2.864B,3.99,2.05,http://www.sec.gov/cgi-bin/browse-edgar?CIK=NBL&action=getcompany
JWN,Nordstrom,56.13,1.82,17.23,9.986,37.28,57.75,11.676B,1.641B,1.02,5.52,http://www.sec.gov/cgi-bin/browse-edgar?CIK=JWN&action=getcompany
NSC,Norfolk Southern Corp.,74.56,2.54,12.63,30.602,57.57,78.5,23.823B,4.305B,2.07,2.41,http://www.sec.gov/cgi-bin/browse-edgar?CIK=NSC&action=getcompany
NTRS,Northern Trust Corp.,46.22,2.47,17.62,30.727,33.2,48.31,11.117B,0,2.89,1.5,http://www.sec.gov/cgi-bin/browse-edgar?CIK=NTRS&action=getcompany
NOC,Northrop Grumman Corp.,68.5,3,8.79,43.199,49.2,68.55,16.934B,3.681B,0.66,1.58,http://www.sec.gov/cgi-bin/browse-edgar?CIK=NOC&action=getcompany
NU,Northeast Utilities,39.59,3.03,23.61,28.878,30.8,40.86,12.431B,1.237B,2.51,1.36,http://www.sec.gov/cgi-bin/browse-edgar?CIK=NU&action=getcompany
NRG,NRG Energy,20.86,0.43,20.47,32.075,14.29,24.12,4.750B,1.447B,0.53,0.65,http://www.sec.gov/cgi-bin/browse-edgar?CIK=NRG&action=getcompany
NUE,Nucor Corp.,40.76,3.58,22.54,23.77,29.82,45.75,12.961B,1.750B,0.64,1.71,http://www.sec.gov/cgi-bin/browse-edgar?CIK=NUE&action=getcompany
NVDA,Nvidia Corporation,14.621,N/A,17.96,6.929,11.47,16.9,9.048B,788.9M,2.3,2.12,http://www.sec.gov/cgi-bin/browse-edgar?CIK=NVDA&action=getcompany
NYX,NYSE Euronext,24.91,4.8,12.34,25.206,21.8,31.25,6.277B,1.059B,1.61,0.99,http://www.sec.gov/cgi-bin/browse-edgar?CIK=NYX&action=getcompany
ORLY,O'Reilly Automotive,84.62,N/A,19.59,21.413,58.01,107.13,10.325B,1.110B,1.72,3.97,http://www.sec.gov/cgi-bin/browse-edgar?CIK=ORLY&action=getcompany
OXY,Occidental Petroleum,91.4,2.21,11.69,47.773,66.36,106.68,74.025B,13.842B,3.04,1.89,http://www.sec.gov/cgi-bin/browse-edgar?CIK=OXY&action=getcompany
OMC,Omnicom Group,51.93,2.13,15.1,12.311,35.27,52.19,13.794B,2.116B,0.97,4.19,http://www.sec.gov/cgi-bin/browse-edgar?CIK=OMC&action=getcompany
OKE,ONEOK,44.75,2.73,26.42,10.191,31.215,46.07,9.176B,1.506B,0.68,4.38,http://www.sec.gov/cgi-bin/browse-edgar?CIK=OKE&action=getcompany
ORCL,Oracle Corp.,31.61,0.77,16.01,8.907,24.72,33.81,154.3B,16.050B,4.13,3.52,http://www.sec.gov/cgi-bin/browse-edgar?CIK=ORCL&action=getcompany
OI,Owens-Illinois Inc,18.46,N/A,N/A,6.676,13.43,25.46,3.047B,1.222B,0.43,2.78,http://www.sec.gov/cgi-bin/browse-edgar?CIK=OI&action=getcompany
PCAR,PACCAR Inc.,41.34,1.81,11.89,16.159,31.57,48.22,14.614B,2.451B,0.79,2.53,http://www.sec.gov/cgi-bin/browse-edgar?CIK=PCAR&action=getcompany
PLL,Pall Corp.,55.16,1.47,19.58,14.318,39.81,64.55,6.410B,654.8M,2.2,3.83,http://www.sec.gov/cgi-bin/browse-edgar?CIK=PLL&action=getcompany
PH,Parker-Hannifin,83.47,1.88,11.02,32.541,59.26,91.47,12.560B,1.990B,0.94,2.52,http://www.sec.gov/cgi-bin/browse-edgar?CIK=PH&action=getcompany
PDCO,Patterson Companies,35.37,1.51,17.96,12.99,26.19,35.66,3.744B,400.2M,1.03,2.66,http://www.sec.gov/cgi-bin/browse-edgar?CIK=PDCO&action=getcompany
PAYX,Paychex Inc.,33.18,3.89,21.8,4.425,25.12,33.4,12.036B,951.7M,5.36,7.44,http://www.sec.gov/cgi-bin/browse-edgar?CIK=PAYX&action=getcompany
BTU,Peabody Energy,23.23,1.48,7.15,21.755,18.78,50.24,6.267B,2.060B,0.75,1.06,http://www.sec.gov/cgi-bin/browse-edgar?CIK=BTU&action=getcompany
JCP,Penney (J.C.),23.4,2.71,N/A,18.022,19.06,43.18,5.115B,686.0M,0.29,1.23,http://www.sec.gov/cgi-bin/browse-edgar?CIK=JCP&action=getcompany
PBCT,People's United Bank,11.94,5.32,19.07,15.122,10.5,13.79,4.064B,0,3.39,0.79,http://www.sec.gov/cgi-bin/browse-edgar?CIK=PBCT&action=getcompany
POM,Pepco Holdings Inc.,19.69,5.54,16.95,19.129,17.77,20.64,4.495B,1.019B,0.8,1.02,http://www.sec.gov/cgi-bin/browse-edgar?CIK=POM&action=getcompany
PEP,PepsiCo Inc.,72.13,2.89,18.97,13.207,58.5,72.95,112.3B,12.709B,1.69,5.46,http://www.sec.gov/cgi-bin/browse-edgar?CIK=PEP&action=getcompany
PKI,PerkinElmer,27.82,1,345.19,16.455,17.45,28.24,3.188B,260.5M,1.58,1.7,http://www.sec.gov/cgi-bin/browse-edgar?CIK=PKI&action=getcompany
PRGO,Perrigo,115.5,0.27,29.14,18.959,80.14,119.29,10.790B,695.3M,3.53,6.07,http://www.sec.gov/cgi-bin/browse-edgar?CIK=PRGO&action=getcompany
PFE,Pfizer Inc.,23.94,3.6,17.85,11.113,17.05,24.49,179.3B,28.366B,2.76,2.15,http://www.sec.gov/cgi-bin/browse-edgar?CIK=PFE&action=getcompany
PCG,PG&E Corp.,45.24,4.01,21.01,30.338,36.84,47.03,18.729B,4.104B,1.25,1.5,http://www.sec.gov/cgi-bin/browse-edgar?CIK=PCG&action=getcompany
PM,Philip Morris International,92.21,3.37,18.17,-0.803,60.45,93.15,156.8B,14.687B,4.92,N/A,http://www.sec.gov/cgi-bin/browse-edgar?CIK=PM&action=getcompany
PSX,Phillips 66,40,0.5,5.32,39.842,28.75,40.83,25.011B,3.469B,0.14,1.01,http://www.sec.gov/cgi-bin/browse-edgar?CIK=PSX&action=getcompany
PNW,Pinnacle West Capital,53.42,3.94,15.37,34.207,40.7,54.66,5.852B,1.301B,1.78,1.56,http://www.sec.gov/cgi-bin/browse-edgar?CIK=PNW&action=getcompany
PXD,Pioneer Natural Resources,98.29,0.08,32.36,46.794,58.63,119.19,12.092B,2.296B,4.6,2.13,http://www.sec.gov/cgi-bin/browse-edgar?CIK=PXD&action=getcompany
PBI,Pitney-Bowes,13.58,10.93,4,0.402,12.64,21.2,2.725B,1.044B,0.53,34.03,http://www.sec.gov/cgi-bin/browse-edgar?CIK=PBI&action=getcompany
PCL,Plum Creek Timber Co.,40.27,4.18,36.83,7.443,33.02,42.1,6.504B,366.0M,5.23,5.39,http://www.sec.gov/cgi-bin/browse-edgar?CIK=PCL&action=getcompany
PNC,PNC Financial Services,60.73,2.47,12.68,70.085,42.7,67.89,32.039B,0,2.34,0.87,http://www.sec.gov/cgi-bin/browse-edgar?CIK=PNC&action=getcompany
RL,Polo Ralph Lauren Corp.,150.16,0.67,20.82,39.401,119.41,182.48,13.921B,1.279B,2.01,3.77,http://www.sec.gov/cgi-bin/browse-edgar?CIK=RL&action=getcompany
PPG,PPG Industries,110.82,2.08,19.28,22.667,66.43,114.62,16.921B,2.241B,1.13,4.91,http://www.sec.gov/cgi-bin/browse-edgar?CIK=PPG&action=getcompany
PPL,PPL Corp.,29.92,4.8,10.43,19.442,25.81,30.27,17.354B,4.663B,1.23,1.52,http://www.sec.gov/cgi-bin/browse-edgar?CIK=PPL&action=getcompany
PX,Praxair Inc.,108.16,1.94,19.35,18.831,88.64,116.93,32.250B,3.480B,2.84,5.73,http://www.sec.gov/cgi-bin/browse-edgar?CIK=PX&action=getcompany
PCP,Precision Castparts,161.61,0.07,18.42,57.558,138.39,179.47,23.484B,2.084B,3.12,2.81,http://www.sec.gov/cgi-bin/browse-edgar?CIK=PCP&action=getcompany
PCLN,Priceline.com Inc,563.162,N/A,25.43,52.05,411.26,774.96,28.042B,1.547B,6.11,10.8,http://www.sec.gov/cgi-bin/browse-edgar?CIK=PCLN&action=getcompany
PFG,Principal Financial Group,26.23,4.06,12.15,31.876,20.48,29.96,7.741B,1.180B,0.92,0.82,http://www.sec.gov/cgi-bin/browse-edgar?CIK=PFG&action=getcompany
PG,Procter & Gamble,66.77,3.26,18.23,22.75,59.07,67.95,187.9B,18.072B,2.24,2.93,http://www.sec.gov/cgi-bin/browse-edgar?CIK=PG&action=getcompany
PGR,Progressive Corp.,19.75,2.06,15.53,10.319,16.88,23.41,12.032B,1.360B,0.76,1.92,http://www.sec.gov/cgi-bin/browse-edgar?CIK=PGR&action=getcompany
PLD,ProLogis,33.2,3.37,74.89,28.021,21.74,36.62,15.266B,1.298B,7.44,1.19,http://www.sec.gov/cgi-bin/browse-edgar?CIK=PLD&action=getcompany
PRU,Prudential Financial,53.89,2.7,7.56,81.224,42.45,65.17,25.226B,6.081B,0.48,0.66,http://www.sec.gov/cgi-bin/browse-edgar?CIK=PRU&action=getcompany
PEG,Public Serv. Enterprise Inc.,32.8,4.29,12.16,21.039,28.92,35.48,16.595B,3.653B,1.61,1.55,http://www.sec.gov/cgi-bin/browse-edgar?CIK=PEG&action=getcompany
PSA,Public Storage,144.56,2.85,45.54,29.701,103.42,152.68,24.654B,1.248B,13.24,4.84,http://www.sec.gov/cgi-bin/browse-edgar?CIK=PSA&action=getcompany
PHM,Pulte Homes Inc.,12.48,N/A,N/A,5.147,3.29,12.92,4.789B,149.0M,1.12,2.46,http://www.sec.gov/cgi-bin/browse-edgar?CIK=PHM&action=getcompany
QEP,QEP Resources,27.95,0.28,19.57,18.863,23.56,38.44,4.989B,1.566B,1.77,1.49,http://www.sec.gov/cgi-bin/browse-edgar?CIK=QEP&action=getcompany
PWR,Quanta Services Inc.,24.78,N/A,22.87,16.604,16,25.07,5.278B,533.0M,0.92,1.48,http://www.sec.gov/cgi-bin/browse-edgar?CIK=PWR&action=getcompany
QCOM,QUALCOMM Inc.,61.982,1.44,18.27,19.033,45.98,68.87,105.6B,6.716B,5.75,3.26,http://www.sec.gov/cgi-bin/browse-edgar?CIK=QCOM&action=getcompany
DGX,Quest Diagnostics,59.47,1.02,13.72,25.239,45.13,63.98,9.441B,1.647B,1.24,2.37,http://www.sec.gov/cgi-bin/browse-edgar?CIK=DGX&action=getcompany
RRC,Range Resources Corp.,66.13,0.24,234.54,15.228,52.21,77.24,10.495B,790.7M,8.37,4.34,http://www.sec.gov/cgi-bin/browse-edgar?CIK=RRC&action=getcompany
RTN,Raytheon Co.,56.11,3.32,9.92,26.019,38.35,56.92,18.630B,3.471B,0.76,2.15,http://www.sec.gov/cgi-bin/browse-edgar?CIK=RTN&action=getcompany
RHT,Red Hat Inc.,57.04,N/A,75.1,7.34,31.77,62.75,11.010B,261.8M,9.44,7.88,http://www.sec.gov/cgi-bin/browse-edgar?CIK=RHT&action=getcompany
RF,Regions Financial Corp.,7,0.57,N/A,10.23,2.82,7.17,9.891B,0,2.26,0.68,http://www.sec.gov/cgi-bin/browse-edgar?CIK=RF&action=getcompany
RSG,Republic Services Inc,28.84,3.06,15.84,21.025,25.15,31.32,10.535B,2.431B,1.28,1.37,http://www.sec.gov/cgi-bin/browse-edgar?CIK=RSG&action=getcompany
RAI,Reynolds American Inc.,46.01,4.94,18.68,10.418,33.83,46.93,26.016B,2.895B,3.06,4.36,http://www.sec.gov/cgi-bin/browse-edgar?CIK=RAI&action=getcompany
RHI,Robert Half International,28.26,2.06,22.07,5.852,19.69,32.32,3.916B,346.1M,0.98,4.81,http://www.sec.gov/cgi-bin/browse-edgar?CIK=RHI&action=getcompany
ROK,Rockwell Automation Inc.,71.01,2.46,13.79,13.397,50.36,84.71,10.190B,1.159B,1.63,5.3,http://www.sec.gov/cgi-bin/browse-edgar?CIK=ROK&action=getcompany
COL,Rockwell Collins,49.95,2.15,11.91,8.958,44.31,61.46,7.100B,1.031B,1.5,5.62,http://www.sec.gov/cgi-bin/browse-edgar?CIK=COL&action=getcompany
ROP,Roper Industries,104.76,0.5,22.64,35.03,64.9,108.89,10.210B,845.9M,3.51,2.97,http://www.sec.gov/cgi-bin/browse-edgar?CIK=ROP&action=getcompany
ROST,Ross Stores Inc.,67.16,0.74,22.25,7.14,33.5,70.04,15.150B,1.282B,1.72,9.49,http://www.sec.gov/cgi-bin/browse-edgar?CIK=ROST&action=getcompany
RDC,Rowan Cos.,35.72,N/A,13.18,35.954,28.13,39.4,4.411B,437.9M,3.69,0.99,http://www.sec.gov/cgi-bin/browse-edgar?CIK=RDC&action=getcompany
R,Ryder System,40.83,2.86,11.25,27.08,32.76,57.63,2.087B,1.328B,0.33,1.5,http://www.sec.gov/cgi-bin/browse-edgar?CIK=R&action=getcompany
SWY,Safeway Inc.,15.99,3.74,8.91,10.797,14.73,23.16,3.830B,2.269B,0.09,1.51,http://www.sec.gov/cgi-bin/browse-edgar?CIK=SWY&action=getcompany
SAI,SAIC,12.08,2,86.33,6.626,10.31,15.18,4.126B,421.0M,0.38,1.81,http://www.sec.gov/cgi-bin/browse-edgar?CIK=SAI&action=getcompany
CRM,Salesforce.com,139.84,N/A,N/A,13.114,94.09,164.75,19.298B,105.9M,7.74,10.5,http://www.sec.gov/cgi-bin/browse-edgar?CIK=CRM&action=getcompany
SNDK,SanDisk Corporation,41.4,N/A,15.89,29.065,30.99,53.46,10.030B,1.333B,1.93,1.43,http://www.sec.gov/cgi-bin/browse-edgar?CIK=SNDK&action=getcompany
SCG,SCANA Corp,48.96,4.03,16.16,30.498,37.43,50.34,6.404B,1.249B,1.54,1.59,http://www.sec.gov/cgi-bin/browse-edgar?CIK=SCG&action=getcompany
SLB,Schlumberger Ltd.,75.35,1.41,18.47,24.724,54.79,81.33,99.992B,10.869B,2.3,3.01,http://www.sec.gov/cgi-bin/browse-edgar?CIK=SLB&action=getcompany
SNI,Scripps Networks Interactive Inc.,59.94,0.74,19.12,9.889,35.44,59.43,8.929B,1.006B,4.04,6.01,http://www.sec.gov/cgi-bin/browse-edgar?CIK=SNI&action=getcompany
STX,Seagate Technology,34.18,2.08,5.05,8.509,9.05,33.42,14.048B,3.926B,0.9,3.85,http://www.sec.gov/cgi-bin/browse-edgar?CIK=STX&action=getcompany
SEE,Sealed Air Corp.(New),13.99,3.71,583.75,14.864,11.51,21.5,2.700B,913.3M,0.37,0.94,http://www.sec.gov/cgi-bin/browse-edgar?CIK=SEE&action=getcompany
SHLD,Sears Holdings Corporation,51.42,N/A,N/A,42.585,28.89,85.9,5.473B,394.0M,0.13,1.19,http://www.sec.gov/cgi-bin/browse-edgar?CIK=SHLD&action=getcompany
SRE,Sempra Energy,69.03,3.14,18.71,40.968,47.51,72.32,16.646B,2.735B,1.72,1.68,http://www.sec.gov/cgi-bin/browse-edgar?CIK=SRE&action=getcompany
SHW,Sherwin-Williams,141.44,1.07,28.4,15.173,69.47,142.29,14.349B,1.071B,1.55,9.3,http://www.sec.gov/cgi-bin/browse-edgar?CIK=SHW&action=getcompany
SIAL,Sigma-Aldrich,72.07,1.05,19.31,19.493,57.6,74.94,8.703B,792.0M,3.41,3.71,http://www.sec.gov/cgi-bin/browse-edgar?CIK=SIAL&action=getcompany
SPG,Simon Property Group Inc,157.7,2.32,31.12,19.452,103.32,163.75,47.835B,3.219B,10.45,8.07,http://www.sec.gov/cgi-bin/browse-edgar?CIK=SPG&action=getcompany
SLM,SLM Corporation,16.12,2.81,9.5,9.289,10.91,16.89,7.576B,0,3.52,1.72,http://www.sec.gov/cgi-bin/browse-edgar?CIK=SLM&action=getcompany
SJM,Smucker (J.M.),76.7,2.55,18.94,46.819,66.43,81.97,8.471B,1.122B,1.54,1.64,http://www.sec.gov/cgi-bin/browse-edgar?CIK=SJM&action=getcompany
SNA,Snap-On Inc.,68.64,1.96,13.84,28.084,41.74,70.85,3.992B,577.7M,1.3,2.43,http://www.sec.gov/cgi-bin/browse-edgar?CIK=SNA&action=getcompany
SO,Southern Co.,46.92,4.11,18.86,20.374,38.99,48.59,40.759B,6.226B,2.4,2.3,http://www.sec.gov/cgi-bin/browse-edgar?CIK=SO&action=getcompany
LUV,Southwest Airlines,9.07,0.28,20.83,9.205,7.15,10.05,6.740B,1.722B,0.39,0.98,http://www.sec.gov/cgi-bin/browse-edgar?CIK=LUV&action=getcompany
SWN,Southwestern Energy,32.04,N/A,N/A,10.098,25.63,44.36,11.155B,1.668B,4.13,3.25,http://www.sec.gov/cgi-bin/browse-edgar?CIK=SWN&action=getcompany
SE,Spectra Energy Corp.,29.29,3.87,17.48,14.009,23.17,32.27,19.126B,2.415B,3.63,2.07,http://www.sec.gov/cgi-bin/browse-edgar?CIK=SE&action=getcompany
S,Sprint Nextel Corp.,4.92,N/A,N/A,3.077,2.1,4.96,14.762B,4.908B,0.42,1.56,http://www.sec.gov/cgi-bin/browse-edgar?CIK=S&action=getcompany
STJ,St Jude Medical,38.43,2.26,15.42,14.369,32.13,46.26,12.113B,1.649B,2.19,2.71,http://www.sec.gov/cgi-bin/browse-edgar?CIK=STJ&action=getcompany
SWK,Stanley Black & Decker,68.39,2.42,19.18,40.709,47.07,81.9,11.498B,1.590B,1.05,1.66,http://www.sec.gov/cgi-bin/browse-edgar?CIK=SWK&action=getcompany
SPLS,Staples Inc.,13.41,3.16,9.55,10.27,12.1,16.93,9.242B,2.103B,0.37,1.3,http://www.sec.gov/cgi-bin/browse-edgar?CIK=SPLS&action=getcompany
SBUX,Starbucks Corp.,45.57,1.51,25.06,6.774,34.14,62,34.565B,2.293B,2.64,6.66,http://www.sec.gov/cgi-bin/browse-edgar?CIK=SBUX&action=getcompany
HOT,Starwood Hotels & Resorts,54.22,0.9,18.78,16.374,35.78,60.81,10.653B,1.082B,1.75,3.39,http://www.sec.gov/cgi-bin/browse-edgar?CIK=HOT&action=getcompany
STT,State Street Corp.,41.85,2.01,11.33,40.51,29.86,47.2,20.051B,0,2.09,1.03,http://www.sec.gov/cgi-bin/browse-edgar?CIK=STT&action=getcompany
SRCL,Stericycle Inc,89.82,N/A,30.19,16.001,75.75,94.64,7.678B,539.8M,4.24,5.57,http://www.sec.gov/cgi-bin/browse-edgar?CIK=SRCL&action=getcompany
SYK,Stryker Corp.,53.06,1.55,14.49,20.902,43.73,57.15,20.186B,2.501B,2.36,2.53,http://www.sec.gov/cgi-bin/browse-edgar?CIK=SYK&action=getcompany
SUN,Sunoco Inc.,47.87,1.57,N/A,8.65,28.79,50.89,5.069B,1.677B,0.11,5.53,http://www.sec.gov/cgi-bin/browse-edgar?CIK=SUN&action=getcompany
STI,SunTrust Banks,24.83,0.81,16.59,37.797,15.79,25.18,13.258B,0,1.81,0.65,http://www.sec.gov/cgi-bin/browse-edgar?CIK=STI&action=getcompany
SYMC,Symantec Corp.,17.28,N/A,10.83,7.116,13.06,18.88,12.147B,1.788B,1.77,2.39,http://www.sec.gov/cgi-bin/browse-edgar?CIK=SYMC&action=getcompany
SYY,Sysco Corp.,28.84,3.73,14.71,8.334,25.09,31.18,16.893B,2.345B,0.4,3.44,http://www.sec.gov/cgi-bin/browse-edgar?CIK=SYY&action=getcompany
TROW,T. Rowe Price Group,60.93,2.13,20.55,14.417,44.68,66,15.466B,1.313B,5.49,4.23,http://www.sec.gov/cgi-bin/browse-edgar?CIK=TROW&action=getcompany
TGT,Target Corp.,62.84,1.91,14.47,23.998,46.95,63,41.550B,7.491B,0.59,2.61,http://www.sec.gov/cgi-bin/browse-edgar?CIK=TGT&action=getcompany
TEL,TE Connectivity Ltd.,35.25,2.15,14.39,18.08,26.58,37.69,15.080B,2.465B,1.05,1.93,http://www.sec.gov/cgi-bin/browse-edgar?CIK=TEL&action=getcompany
TE,TECO Energy,17.94,3.67,14.4,10.706,16.15,19.41,3.845B,937.3M,1.2,1.67,http://www.sec.gov/cgi-bin/browse-edgar?CIK=TE&action=getcompany
THC,Tenet Healthcare Corp.,5.22,N/A,58.33,2.723,3.46,6.05,2.160B,1.083B,0.23,1.93,http://www.sec.gov/cgi-bin/browse-edgar?CIK=THC&action=getcompany
TDC,Teradata Corp.,75.7,N/A,33.39,10.297,43.19,79.89,12.763B,636.0M,4.96,7.3,http://www.sec.gov/cgi-bin/browse-edgar?CIK=TDC&action=getcompany
TER,Teradyne Inc.,15.59,N/A,10.45,9.034,10.37,18.01,2.909B,412.1M,1.82,1.71,http://www.sec.gov/cgi-bin/browse-edgar?CIK=TER&action=getcompany
TSO,Tesoro Petroleum Co.,35.5,N/A,7.55,26.803,17.43,36.06,4.956B,1.519B,0.16,1.32,http://www.sec.gov/cgi-bin/browse-edgar?CIK=TSO&action=getcompany
TXN,Texas Instruments,29.75,2.3,21.66,9.807,24.34,34.24,33.848B,4.212B,2.52,3.01,http://www.sec.gov/cgi-bin/browse-edgar?CIK=TXN&action=getcompany
TXT,Textron Inc.,26.83,0.3,19.26,11.046,14.66,29.18,7.538B,1.157B,0.63,2.43,http://www.sec.gov/cgi-bin/browse-edgar?CIK=TXT&action=getcompany
HSY,The Hershey Company,72.23,2.02,24.38,4.813,54.87,72.97,16.299B,1.388B,2.55,14.91,http://www.sec.gov/cgi-bin/browse-edgar?CIK=HSY&action=getcompany
TRV,The Travelers Companies Inc.,63.98,2.65,11.49,64.894,45.97,65.27,24.655B,3.989B,0.96,0.98,http://www.sec.gov/cgi-bin/browse-edgar?CIK=TRV&action=getcompany
TMO,Thermo Fisher Scientific,57.07,0.46,20.02,41.129,43.06,58.37,20.945B,2.537B,1.69,1.38,http://www.sec.gov/cgi-bin/browse-edgar?CIK=TMO&action=getcompany
TIF,Tiffany & Co.,58.48,2.03,17.18,18.772,49.72,80.99,7.411B,890.7M,2.01,3.12,http://www.sec.gov/cgi-bin/browse-edgar?CIK=TIF&action=getcompany
TWX,Time Warner Inc.,42.9,2.33,16.47,30.992,27.62,42.56,40.709B,6.927B,1.39,1.37,http://www.sec.gov/cgi-bin/browse-edgar?CIK=TWX&action=getcompany
TWC,Time Warner Cable Inc.,89.43,2.34,16.3,23.871,57.15,90,27.562B,7.346B,1.34,3.73,http://www.sec.gov/cgi-bin/browse-edgar?CIK=TWC&action=getcompany
TIE,Titanium Metals Corp,12.9,2.32,20.65,7.038,10.42,17.95,2.260B,220.3M,2.12,1.84,http://www.sec.gov/cgi-bin/browse-edgar?CIK=TIE&action=getcompany
TJX,TJX Companies Inc.,44.46,0.93,21,4.497,25.47,45.5,32.943B,3.189B,1.4,10.01,http://www.sec.gov/cgi-bin/browse-edgar?CIK=TJX&action=getcompany
TMK,Torchmark Corp.,50.31,1.08,9.8,38.602,32.95,52,4.953B,869.5M,1.42,1.29,http://www.sec.gov/cgi-bin/browse-edgar?CIK=TMK&action=getcompany
TSS,Total System Services,23.67,1.56,18.76,7.367,16.34,25.06,4.475B,475.0M,2.41,3.22,http://www.sec.gov/cgi-bin/browse-edgar?CIK=TSS&action=getcompany
TRIP,TripAdvisor,35.1,N/A,27.96,4.406,23.99,47.81,4.995B,300.7M,7.36,8.21,http://www.sec.gov/cgi-bin/browse-edgar?CIK=TRIP&action=getcompany
TSN,Tyson Foods,16.04,1.01,11.72,16.061,14.07,21.06,5.863B,1.579B,0.17,0.98,http://www.sec.gov/cgi-bin/browse-edgar?CIK=TSN&action=getcompany
TYC,Tyco International,56.87,1.77,20.42,31.102,37.51,57.75,26.331B,3.496B,1.48,1.82,http://www.sec.gov/cgi-bin/browse-edgar?CIK=TYC&action=getcompany
USB,U.S. Bancorp,33.16,1.94,12.14,17.454,20.1,34.1,62.739B,0,3.53,1.89,http://www.sec.gov/cgi-bin/browse-edgar?CIK=USB&action=getcompany
UNP,Union Pacific,122.01,1.88,15.7,40.305,77.73,126.91,57.785B,8.110B,2.8,3.01,http://www.sec.gov/cgi-bin/browse-edgar?CIK=UNP&action=getcompany
UNH,United Health Group Inc.,51.9,1.35,10.54,28.003,41.32,60.75,54.443B,9.516B,0.52,1.86,http://www.sec.gov/cgi-bin/browse-edgar?CIK=UNH&action=getcompany
UPS,United Parcel Service,76.3,2.87,19.12,7.724,61.12,81.79,73.210B,8.004B,1.36,9.84,http://www.sec.gov/cgi-bin/browse-edgar?CIK=UPS&action=getcompany
X,United States Steel Corp.,23.41,0.85,N/A,24.48,17.67,32.52,3.378B,1.084B,0.17,0.96,http://www.sec.gov/cgi-bin/browse-edgar?CIK=X&action=getcompany
UTX,United Technologies,77.89,2.49,16.15,24.791,66.87,87.5,71.019B,9.664B,1.23,3.11,http://www.sec.gov/cgi-bin/browse-edgar?CIK=UTX&action=getcompany
UNM,Unum Group,19.44,2.3,26.27,29.945,18.28,25,5.444B,425.1M,0.52,0.65,http://www.sec.gov/cgi-bin/browse-edgar?CIK=UNM&action=getcompany
URBN,Urban Outfitters,30.66,N/A,25.75,7.681,21.47,31.81,4.440B,381.1M,1.77,4.02,http://www.sec.gov/cgi-bin/browse-edgar?CIK=URBN&action=getcompany
VFC,V.F. Corp.,147.33,1.87,18,41.423,104.02,156.15,16.091B,1.481B,1.57,3.6,http://www.sec.gov/cgi-bin/browse-edgar?CIK=VFC&action=getcompany
VLO,Valero Energy,29.1,1.73,9.79,28.86,16.4,29.26,16.089B,5.454B,0.12,1,http://www.sec.gov/cgi-bin/browse-edgar?CIK=VLO&action=getcompany
VAR,Varian Medical Systems,56.85,N/A,15.86,13.171,48.72,71.95,6.316B,641.8M,2.26,4.28,http://www.sec.gov/cgi-bin/browse-edgar?CIK=VAR&action=getcompany
VTR,Ventas Inc,63.79,3.55,40.36,31.888,46.21,68.15,18.842B,1.356B,8.09,2,http://www.sec.gov/cgi-bin/browse-edgar?CIK=VTR&action=getcompany
VRSN,Verisign Inc.,46.76,N/A,30.46,-0.378,27,46.77,7.313B,447.7M,8.88,N/A,http://www.sec.gov/cgi-bin/browse-edgar?CIK=VRSN&action=getcompany
VZ,Verizon Communications,44.6,4.51,43.94,13.04,34.07,46.41,127.1B,36.850B,1.12,3.4,http://www.sec.gov/cgi-bin/browse-edgar?CIK=VZ&action=getcompany
VIAB,Viacom Inc.,49.44,0.5,14.43,14.464,35.13,50.05,13.057B,4.155B,0.9,3.44,http://www.sec.gov/cgi-bin/browse-edgar?CIK=VIAB&action=getcompany
V,Visa Inc.,129.09,0.63,62.72,39.156,79.25,132.58,86.341B,6.399B,8.53,3.28,http://www.sec.gov/cgi-bin/browse-edgar?CIK=V&action=getcompany
VNO,Vornado Realty Trust,79.89,3.45,42.69,31.374,68.39,88.5,14.833B,1.510B,4.88,2.55,http://www.sec.gov/cgi-bin/browse-edgar?CIK=VNO&action=getcompany
VMC,Vulcan Materials,39.78,0.7,N/A,28.864,25.06,48.09,5.158B,403.1M,1.99,1.38,http://www.sec.gov/cgi-bin/browse-edgar?CIK=VMC&action=getcompany
WMT,Wal-Mart Stores,73.68,2.11,15.91,20.313,49.28,75.24,249.3B,35.300B,0.55,3.64,http://www.sec.gov/cgi-bin/browse-edgar?CIK=WMT&action=getcompany
WAG,Walgreen Co.,36.17,2.49,12.41,17.52,28.53,37.61,31.051B,4.911B,0.43,2.06,http://www.sec.gov/cgi-bin/browse-edgar?CIK=WAG&action=getcompany
DIS,Walt Disney Co.,49.65,1.2,17.9,20.935,28.19,50.65,88.743B,10.243B,2.15,2.39,http://www.sec.gov/cgi-bin/browse-edgar?CIK=DIS&action=getcompany
WPO,Washington Post Co B,348.88,2.79,19.4,342.761,308.5,405,2.657B,525.2M,0.65,1.02,http://www.sec.gov/cgi-bin/browse-edgar?CIK=WPO&action=getcompany
WM,Waste Management Inc.,35.05,3.98,17.68,13.322,28.77,36.35,16.248B,3.307B,1.18,2.62,http://www.sec.gov/cgi-bin/browse-edgar?CIK=WM&action=getcompany
WAT,Waters Corporation,78.65,N/A,16.75,14.404,70.88,94.47,6.896B,589.0M,3.73,5.45,http://www.sec.gov/cgi-bin/browse-edgar?CIK=WAT&action=getcompany
WPI,Watson Pharmaceuticals,79.86,N/A,64.69,27.907,55,81,10.194B,1.336B,1.84,2.84,http://www.sec.gov/cgi-bin/browse-edgar?CIK=WPI&action=getcompany
WLP,WellPoint Inc.,57.91,1.89,7.78,72.714,52.52,74.73,18.832B,5.072B,0.3,0.78,http://www.sec.gov/cgi-bin/browse-edgar?CIK=WLP&action=getcompany
WFC,Wells Fargo,33.83,2.01,11.19,26.08,22.61,34.8,178.5B,0,2.36,1.3,http://www.sec.gov/cgi-bin/browse-edgar?CIK=WFC&action=getcompany
WDC,Western Digital,43.99,N/A,6.54,30.193,22.64,44.44,11.173B,2.890B,0.88,1.43,http://www.sec.gov/cgi-bin/browse-edgar?CIK=WDC&action=getcompany
WU,Western Union Co,17.65,2.04,9.05,1.742,14.55,19.82,10.669B,1.659B,1.88,10.12,http://www.sec.gov/cgi-bin/browse-edgar?CIK=WU&action=getcompany
WY,Weyerhaeuser Corp.,23.54,2.56,36.36,7.781,14.82,23.99,12.664B,900.0M,1.95,3.01,http://www.sec.gov/cgi-bin/browse-edgar?CIK=WY&action=getcompany
WHR,Whirlpool Corp.,71.84,2.81,9.52,54.714,45.22,79.39,5.571B,1.454B,0.3,1.3,http://www.sec.gov/cgi-bin/browse-edgar?CIK=WHR&action=getcompany
WFM,Whole Foods Market,93.96,0.55,40.37,19.73,56.37,97.25,17.341B,999.2M,1.57,4.8,http://www.sec.gov/cgi-bin/browse-edgar?CIK=WFM&action=getcompany
WMB,Williams Cos.,31.85,22.58,51.07,3.261,21.9,34.63,19.956B,2.884B,2.73,9.69,http://www.sec.gov/cgi-bin/browse-edgar?CIK=WMB&action=getcompany
WIN,Windstream Corporation,9.41,10.75,24.35,2.424,9,13.08,5.536B,1.969B,1.14,3.84,http://www.sec.gov/cgi-bin/browse-edgar?CIK=WIN&action=getcompany
WEC,Wisconsin Energy Corporation,39.26,2.2,17,17.713,29.59,41.48,9.045B,1.287B,2.09,2.21,http://www.sec.gov/cgi-bin/browse-edgar?CIK=WEC&action=getcompany
WPX,"WPX Energy, Inc.",15.43,N/A,N/A,27.854,13.22,23.42,3.071B,1.159B,0.88,0.56,http://www.sec.gov/cgi-bin/browse-edgar?CIK=WPX&action=getcompany
WYN,Wyndham Worldwide,51.3,1.48,20.11,14.063,26.18,53.56,7.285B,1.014B,1.66,3.65,http://www.sec.gov/cgi-bin/browse-edgar?CIK=WYN&action=getcompany
WYNN,Wynn Resorts Ltd,101.83,1.97,19.89,2.206,90.11,161.33,10.161B,1.452B,1.94,46.02,http://www.sec.gov/cgi-bin/browse-edgar?CIK=WYNN&action=getcompany
XEL,Xcel Energy Inc,28.86,3.65,16.63,17.435,22.76,29.92,14.050B,2.803B,1.36,1.65,http://www.sec.gov/cgi-bin/browse-edgar?CIK=XEL&action=getcompany
XRX,Xerox Corp.,7.18,2.4,7.92,9.188,6.36,8.84,9.386B,3.135B,0.41,0.78,http://www.sec.gov/cgi-bin/browse-edgar?CIK=XRX&action=getcompany
XLNX,Xilinx Inc,33.71,2.43,18.14,10.28,26.55,37.74,8.868B,695.9M,4.02,3.28,http://www.sec.gov/cgi-bin/browse-edgar?CIK=XLNX&action=getcompany
XL,XL Capital,22.98,1.9,N/A,31.155,17.69,23.37,7.163B,679.0M,1.05,0.74,http://www.sec.gov/cgi-bin/browse-edgar?CIK=XL&action=getcompany
XYL,Xylem Inc.,24.46,1.24,16.3,10.496,22.43,28.87,4.540B,625.0M,1.18,2.33,http://www.sec.gov/cgi-bin/browse-edgar?CIK=XYL&action=getcompany
YHOO,Yahoo Inc.,15.15,N/A,18.01,10.209,12.45,16.79,18.509B,1.306B,3.93,1.57,http://www.sec.gov/cgi-bin/browse-edgar?CIK=YHOO&action=getcompany
YUM,Yum! Brands Inc,66.83,1.71,20.86,4.662,47.15,74.44,30.464B,2.764B,2.28,14.29,http://www.sec.gov/cgi-bin/browse-edgar?CIK=YUM&action=getcompany
ZMH,Zimmer Holdings,61.37,0.59,14.28,32.604,47,66.41,10.752B,1.553B,2.39,1.87,http://www.sec.gov/cgi-bin/browse-edgar?CIK=ZMH&action=getcompany
ZION,Zions Bancorp,18.87,0.21,18.45,25.481,13.18,22.81,3.474B,0,1.58,0.75,http://www.sec.gov/cgi-bin/browse-edgar?CIK=ZION&action=getcompany
