,Symbol,GICS sector,Category3,Market Cap,Average Volume
0,NVO,Health Care,Large cap,"$260,652,723,120","1,565,762"
1,REGN,Health Care,Large cap,"$86,238,124,754","637,527"
2,VRTX,Health Care,Large cap,"$78,348,616,645","1,110,826"
3,SGEN,Health Care,Large cap,"$37,002,973,603","1,468,401"
4,BNTX,Health Care,Large cap,"$31,469,610,717","637,153"
5,GMAB,Health Care,Large cap,"$24,326,628,122","525,408"
6,ALNY,Health Care,Large cap,"$23,645,711,904","855,165"
7,BGNE,Health Care,Large cap,"$22,847,121,675","277,594"
8,ARGX,Health Care,Large cap,"$19,961,795,705","325,555"
9,BMRN,Health Care,Large cap,"$16,808,108,726","1,644,346"
10,INCY,Health Care,Large cap,"$16,111,452,201","1,478,734"
11,RPRX,Health Care,Large cap,"$15,422,177,844","2,484,707"
12,TECH,Health Care,Large cap,"$11,311,232,384","909,753"
13,SRPT,Health Care,Large cap,"$11,295,114,396","2,491,445"
14,UTHR,Health Care,Large cap,"$10,002,083,729","909,254"
15,NBIX,Health Care,Mid cap,"$9,242,497,204","752,748"
16,JAZZ,Health Care,Mid cap,"$8,704,905,054","713,988"
17,APLS,Health Care,Mid cap,"$7,035,797,991","1,929,468"
18,LEGN,Health Care,Mid cap,"$6,763,595,835","600,670"
19,KRTX,Health Care,Mid cap,"$6,083,607,111","444,772"
20,ASND,Health Care,Mid cap,"$6,028,995,600","212,727"
21,EXEL,Health Care,Mid cap,"$5,940,520,887","4,200,049"
22,ROIV,Health Care,Mid cap,"$5,301,407,177","3,932,635"
23,RXDX,Health Care,Mid cap,"$5,084,320,149","551,584"
24,IONS,Health Care,Mid cap,"$4,806,113,245","899,980"
25,HALO,Health Care,Mid cap,"$4,559,155,912","2,586,399"
26,ITCI,Health Care,Mid cap,"$4,372,399,338","800,578"
27,ALKS,Health Care,Mid cap,"$4,233,019,917","1,274,236"
28,MDGL,Health Care,Mid cap,"$4,207,293,264","539,859"
29,CERT,Health Care,Mid cap,"$3,728,136,808","1,384,125"
30,CERE,Health Care,Mid cap,"$3,670,465,731","962,204"
31,PTCT,Health Care,Mid cap,"$3,444,952,770","844,074"
32,CRSP,Health Care,Mid cap,"$3,392,817,732","952,785"
33,NTLA,Health Care,Mid cap,"$3,272,506,972","1,495,404"
34,ISEE,Health Care,Mid cap,"$3,251,170,634","2,294,184"
35,CYTK,Health Care,Mid cap,"$3,200,277,579","1,395,454"
36,FOLD,Health Care,Mid cap,"$3,166,405,066","2,595,779"
37,DNLI,Health Care,Mid cap,"$3,131,284,870","984,626"
38,ZLAB,Health Care,Mid cap,"$3,080,207,702","833,281"
39,PCVX,Health Care,Mid cap,"$3,031,677,579","811,683"
40,ABCM,Health Care,Mid cap,"$3,024,594,956","759,963"
41,VIR,Health Care,Mid cap,"$2,972,408,497","1,345,327"
42,ACAD,Health Care,Mid cap,"$2,972,056,971","2,434,084"
43,RETA,Health Care,Mid cap,"$2,823,237,040","2,174,341"
44,AXSM,Health Care,Mid cap,"$2,698,458,227","1,033,635"
45,MYOV,Health Care,Mid cap,"$2,620,491,766","2,033,150"
46,BPMC,Health Care,Mid cap,"$2,615,881,874","699,213"
47,RVNC,Health Care,Mid cap,"$2,604,060,000","1,512,207"
48,RARE,Health Care,Mid cap,"$2,597,315,326","554,666"
49,ARWR,Health Care,Mid cap,"$2,564,784,660","1,425,556"
50,SAGE,Health Care,Mid cap,"$2,535,012,460","571,905"
51,PRTA,Health Care,Mid cap,"$2,526,772,342","483,776"
52,HRMY,Health Care,Mid cap,"$2,492,146,556","586,110"
53,GLPG,Health Care,Mid cap,"$2,478,048,634","502,331"
54,HCM,Health Care,Mid cap,"$2,455,961,000","331,024"
55,CORT,Health Care,Mid cap,"$2,277,754,561","1,142,595"
56,MRTX,Health Care,Mid cap,"$2,250,126,669","985,251"
57,INSM,Health Care,Mid cap,"$2,238,412,072","1,270,593"
58,BEAM,Health Care,Mid cap,"$2,196,544,125","1,147,830"
59,TGTX,Health Care,Mid cap,"$2,182,274,224","4,027,153"
60,IMCR,Health Care,Mid cap,"$2,145,583,137","202,617"
61,XENE,Health Care,Mid cap,"$2,142,661,314","484,349"
62,ABCL,Health Care,Mid cap,"$2,102,986,115","1,717,617"
63,PRVB,Health Care,Mid cap,"$2,077,753,595","2,081,768"
64,VTYX,Health Care,Mid cap,"$2,067,833,592","905,523"
65,BBIO,Health Care,Mid cap,"$2,055,645,938","2,617,001"
66,IMVT,Health Care,Mid cap,"$2,034,432,133","1,031,817"
67,AMLX,Health Care,Small cap,"$1,937,443,908","958,260"
69,KRYS,Health Care,Small cap,"$1,912,442,643","256,172"
70,RVMD,Health Care,Small cap,"$1,910,279,703","2,726,229"
71,RLAY,Health Care,Small cap,"$1,879,035,450","1,117,620"
72,AKRO,Health Care,Small cap,"$1,871,324,202","629,674"
73,TPTX,Health Care,Small cap,"$1,824,739,968","527,248"
74,MRVI,Health Care,Small cap,"$1,810,730,091","1,495,038"
75,GBT,Health Care,Small cap,"$1,779,133,824","3,279,961"
76,FGEN,Health Care,Small cap,"$1,758,395,023","1,318,436"
77,CPRX,Health Care,Small cap,"$1,692,583,408","2,189,993"
78,XNCR,Health Care,Small cap,"$1,663,433,406","442,319"
79,CLDX,Health Care,Small cap,"$1,656,972,334","591,048"
80,SWTX,Health Care,Small cap,"$1,626,218,360","1,041,050"
81,VCYT,Health Care,Small cap,"$1,595,949,948","827,278"
82,KYMR,Health Care,Small cap,"$1,594,807,312","420,230"
83,CCXI,Health Care,Small cap,"$1,569,814,400","2,480,366"
84,PLRX,Health Care,Small cap,"$1,535,378,325","403,119"
85,BCRX,Health Care,Small cap,"$1,530,223,232","3,783,349"
86,MORF,Health Care,Small cap,"$1,487,669,613","521,823"
87,SNDX,Health Care,Small cap,"$1,475,621,852","1,074,786"
88,KDNY,Health Care,Small cap,"$1,465,735,433","651,711"
89,CVAC,Health Care,Small cap,"$1,449,537,582","658,257"
90,NUVL,Health Care,Small cap,"$1,428,880,937","249,089"
91,RNA,Health Care,Small cap,"$1,411,202,902","1,202,247"
92,ARVN,Health Care,Small cap,"$1,403,171,073","439,517"
93,VCEL,Health Care,Small cap,"$1,364,564,792","486,248"
94,RCKT,Health Care,Small cap,"$1,348,911,920","1,086,711"
95,SRRA,Health Care,Small cap,"$1,336,962,176","858,299"
96,AUPH,Health Care,Small cap,"$1,324,537,441","3,143,392"
97,TVTX,Health Care,Small cap,"$1,319,502,896","1,506,586"
98,IOVA,Health Care,Small cap,"$1,289,373,572","3,257,672"
99,DICE,Health Care,Small cap,"$1,278,658,096","488,208"
100,DVAX,Health Care,Small cap,"$1,248,775,251","2,469,616"
101,RXRX,Health Care,Small cap,"$1,241,912,360","1,193,272"
102,ACLX,Health Care,Small cap,"$1,239,646,469","460,342"
103,AGIO,Health Care,Small cap,"$1,215,169,202","647,397"
104,DAWN,Health Care,Small cap,"$1,208,300,083","525,908"
105,KROS,Health Care,Small cap,"$1,197,636,446","348,436"
106,RCUS,Health Care,Small cap,"$1,194,465,277","1,308,660"
107,SMMT,Health Care,Small cap,"$1,186,065,121","4,126,255"
108,LGND,Health Care,Small cap,"$1,174,191,004","144,230"
109,GERN,Health Care,Small cap,"$1,159,887,268","7,330,319"
110,DCPH,Health Care,Small cap,"$1,123,260,330","1,077,939"
111,ADPT,Health Care,Small cap,"$1,122,897,775","702,536"
112,REPL,Health Care,Small cap,"$1,103,072,344","855,754"
113,CDMO,Health Care,Small cap,"$1,096,449,892","966,474"
114,VRDN,Health Care,Small cap,"$1,093,897,751","653,956"
115,PTGX,Health Care,Small cap,"$1,077,291,238","4,339,029"
116,MNKD,Health Care,Small cap,"$1,066,251,853","3,377,833"
117,ZNTL,Health Care,Small cap,"$1,059,431,142","563,785"
118,VRNA,Health Care,Small cap,"$1,028,591,230","513,805"
119,SAVA,Health Care,Small cap,"$999,898,968","756,413"
120,RYTM,Health Care,Small cap,"$976,058,324","841,137"
121,BLU,Health Care,Small cap,"$958,126,565","578,652"
122,ORTX,Health Care,Small cap,"$942,000,635","122,682"
123,QURE,Health Care,Small cap,"$937,300,576","658,949"
124,BHVN,Health Care,Small cap,"$913,357,119","1,100,063"
125,INBX,Health Care,Small cap,"$904,120,245","485,726"
126,MRUS,Health Care,Small cap,"$893,460,350","282,200"
127,VERV,Health Care,Small cap,"$887,307,353","1,029,229"
128,ETNB,Health Care,Small cap,"$884,786,720","2,114,819"
129,EQRX,Health Care,Small cap,"$879,484,819","4,108,069"
130,MIRM,Health Care,Small cap,"$875,528,832","306,281"
131,RGNX,Health Care,Small cap,"$866,665,281","488,371"
132,MLTX,Health Care,Small cap,"$866,482,512","303,208"
133,GMTX,Health Care,Small cap,"$861,800,185","63,882"
134,CRNX,Health Care,Small cap,"$845,291,003","582,477"
135,IMGN,Health Care,Small cap,"$843,151,983","3,391,618"
136,EXAI,Health Care,Small cap,"$840,161,363","134,687"
137,KURA,Health Care,Small cap,"$839,741,328","588,267"
138,ARDX,Health Care,Small cap,"$838,360,216","9,517,700"
139,ENTA,Health Care,Small cap,"$827,102,747","397,901"
140,PRTC,Health Care,Small cap,"$780,566,001","1,126"
141,INVA,Health Care,Small cap,"$762,330,936","1,018,487"
142,CBAY,Health Care,Small cap,"$757,895,514","1,801,480"
143,VALN,Health Care,Small cap,"$754,163,909","3,367"
144,PHAR,Health Care,Small cap,"$739,711,019","10,898"
145,ALLO,Health Care,Small cap,"$729,711,784","2,245,044"
146,VKTX,Health Care,Small cap,"$723,803,023","3,119,605"
147,MCRB,Health Care,Small cap,"$714,853,137","1,349,429"
148,PNT,Health Care,Small cap,"$711,530,740","643,976"
149,COGT,Health Care,Small cap,"$702,265,772","816,758"
150,IDYA,Health Care,Small cap,"$689,517,914","355,978"
151,AVXL,Health Care,Small cap,"$677,318,932","1,061,113"
152,BLTE,Health Care,Small cap,"$669,282,647","6,303"
153,ARQT,Health Care,Small cap,"$659,695,018","1,269,932"
154,TYRA,Health Care,Small cap,"$655,639,522","67,182"
155,TBPH,Health Care,Small cap,"$653,436,690","600,579"
156,CINC,Health Care,Small cap,"$645,216,384","6,349,776"
157,SVA,Health Care,Small cap,"$643,779,512",0
158,BIOR,Health Care,Small cap,"$642,731,377","132,142"
159,IBRX,Health Care,Small cap,"$636,319,951","6,156,202"
160,DYN,Health Care,Small cap,"$629,861,233","378,777"
161,SANA,Health Care,Small cap,"$621,923,842","1,212,230"
162,RAPT,Health Care,Small cap,"$618,539,807","578,524"
163,SRNE,Health Care,Small cap,"$618,424,128","176,993,285"
164,ADMA,Health Care,Small cap,"$611,977,428","2,948,349"
165,ANAB,Health Care,Small cap,"$604,148,136","263,255"
166,HLVX,Health Care,Small cap,"$602,912,686","52,452"
167,FDMT,Health Care,Small cap,"$579,274,843","869,683"
168,ICPT,Health Care,Small cap,"$570,463,943","908,677"
169,CTIC,Health Care,Small cap,"$566,894,336","3,532,175"
170,ACRS,Health Care,Small cap,"$543,547,657","926,279"
171,MOR,Health Care,Small cap,"$539,495,422","73,857"
172,TRDA,Health Care,Small cap,"$535,837,016","47,854"
173,ALDX,Health Care,Small cap,"$530,701,731","524,191"
174,BTAI,Health Care,Small cap,"$529,424,032","876,948"
175,AVTE,Health Care,Small cap,"$528,973,216","89,689"
176,ADGI,Health Care,Small cap,"$525,651,436","536,354"
177,ZYME,Health Care,Small cap,"$524,498,141","755,256"
178,CNCE,Health Care,Small cap,"$520,711,745","2,610,086"
179,IMTX,Health Care,Small cap,"$516,762,149","212,362"
180,FATE,Health Care,Small cap,"$513,386,334","6,646,021"
181,EDIT,Health Care,Small cap,"$511,758,795","1,414,436"
182,ZEAL,Health Care,Small cap,"$510,518,976","2,157"
183,VECT,Health Care,Small cap,"$508,802,277","13,102"
184,LYEL,Health Care,Small cap,"$506,706,771","1,214,589"
185,CERS,Health Care,Small cap,"$500,882,399","2,474,105"
186,NVAX,Health Care,Small cap,"$496,357,891","8,021,440"
187,ALEC,Health Care,Small cap,"$493,185,785","689,795"
188,AGEN,Health Care,Small cap,"$492,119,647","6,355,801"
189,ABUS,Health Care,Small cap,"$481,210,127","1,193,830"
190,JANX,Health Care,Small cap,"$472,298,126","84,475"
191,IMGO,Health Care,Small cap,"$471,626,464","139,341"
192,CHRS,Health Care,Small cap,"$469,697,755","1,507,101"
193,ITOS,Health Care,Small cap,"$469,366,069","298,172"
194,IGMS,Health Care,Small cap,"$468,549,138","132,507"
195,BMEA,Health Care,Small cap,"$464,460,687","162,023"
196,MESO,Health Care,Small cap,"$464,386,369","204,750"
197,MRSN,Health Care,Small cap,"$452,629,250","1,536,127"
198,ALBO,Health Care,Small cap,"$452,408,320","914,857"
199,TERN,Health Care,Small cap,"$450,598,594","306,376"
200,SRRK,Health Care,Small cap,"$447,591,470","238,306"
201,LQDA,Health Care,Small cap,"$445,702,483","632,751"
202,BCYC,Health Care,Small cap,"$433,552,700","302,124"
203,MGNX,Health Care,Small cap,"$429,778,027","726,211"
204,EWTX,Health Care,Small cap,"$428,919,506","138,945"
205,LXRX,Health Care,Small cap,"$426,520,179","548,716"
206,NRIX,Health Care,Small cap,"$424,512,420","367,337"
207,RPTX,Health Care,Small cap,"$424,145,192","120,876"
208,CGEM,Health Care,Small cap,"$415,296,267","448,238"
209,ANIK,Health Care,Small cap,"$410,453,126","87,693"
210,VIGL,Health Care,Small cap,"$409,524,408","22,665"
211,ALLK,Health Care,Small cap,"$405,276,489","1,086,130"
212,NSTG,Health Care,Small cap,"$405,210,294","734,449"
213,ARCT,Health Care,Small cap,"$400,987,793","374,974"
214,SIGA,Health Care,Small cap,"$400,716,488","973,581"
215,CMPX,Health Care,Small cap,"$399,763,615","441,793"
216,ATHX,Health Care,Small cap,"$398,909,132","113,080"
217,PEPG,Health Care,Small cap,"$398,906,877","30,341"
218,KNSA,Health Care,Small cap,"$390,873,401","481,439"
219,AURA,Health Care,Small cap,"$390,853,055","197,672"
220,ALVR,Health Care,Small cap,"$388,072,966","291,723"
221,OCUL,Health Care,Small cap,"$381,344,939","1,203,485"
222,CLBS,Health Care,Small cap,"$378,645,306","34,972"
223,VNDA,Health Care,Small cap,"$375,918,448","834,377"
224,KPTI,Health Care,Small cap,"$364,961,659","2,696,514"
225,NUVB,Health Care,Small cap,"$361,554,179","822,149"
226,BLUE,Health Care,Small cap,"$360,716,346","4,624,445"
227,GHRS,Health Care,Small cap,"$359,464,067","33,588"
228,TNGX,Health Care,Small cap,"$358,881,831","140,892"
229,CMMB,Health Care,Small cap,"$349,174,059","98,526"
230,STOK,Health Care,Small cap,"$347,442,297","331,214"
231,DSGN,Health Care,Small cap,"$345,170,247","1,290,303"
232,GLUE,Health Care,Small cap,"$343,538,870","101,690"
233,ERAS,Health Care,Small cap,"$340,165,292","2,394,343"
234,CNTA,Health Care,Small cap,"$337,708,602","214,370"
235,AMAM,Health Care,Small cap,"$334,821,129","7,893,722"
236,VOR,Health Care,Small cap,"$334,812,317","212,223"
237,THRX,Health Care,Small cap,"$332,806,987","137,441"
238,WVE,Health Care,Small cap,"$327,615,594","406,541"
239,OGEN,Health Care,Small cap,"$324,934,321","21,919"
240,TARS,Health Care,Small cap,"$324,522,389","92,182"
241,VYGR,Health Care,Small cap,"$323,834,400","416,083"
242,AUTL,Health Care,Small cap,"$323,649,334","320,273"
243,NGM,Health Care,Small cap,"$322,442,741","377,879"
244,ATXS,Health Care,Small cap,"$321,287,523","666,153"
245,HUMA,Health Care,Small cap,"$318,636,044","358,804"
246,PSTX,Health Care,Small cap,"$315,824,291","980,420"
247,RAIN,Health Care,Small cap,"$313,754,291","230,281"
248,OMGA,Health Care,Small cap,"$313,101,458","123,584"
249,SCPH,Health Care,Small cap,"$309,760,172","455,490"
250,PRLD,Health Care,Small cap,"$309,517,134","54,303"
251,CKPT,Health Care,Small cap,"$308,807,564","235,074"
252,MRNS,Health Care,Small cap,"$306,930,423","655,490"
253,DBVT,Health Care,Small cap,"$303,121,607","27,866"
254,FMTX,Health Care,Small cap,"$301,863,008","739,166"
255,NAUT,Health Care,Small cap,"$300,928,005","186,250"
256,TMBR,Health Care,Micro cap,"$298,910,629","236,117"
257,GBIO,Health Care,Micro cap,"$298,328,790","300,475"
258,MIGI,Health Care,Micro cap,"$293,501,495","85,346"
259,BIVI,Health Care,Micro cap,"$286,723,120","718,924"
260,SGMO,Health Care,Micro cap,"$286,421,639","2,553,546"
261,IMRX,Health Care,Micro cap,"$274,406,811","38,866"
262,ATRA,Health Care,Micro cap,"$274,350,393","1,385,853"
263,ELOX,Health Care,Micro cap,"$274,318,933","15,495"
264,CARA,Health Care,Micro cap,"$272,953,366","779,008"
265,STRO,Health Care,Micro cap,"$271,858,954","607,362"
266,SLN,Health Care,Micro cap,"$269,054,878","65,024"
267,IMAB,Health Care,Micro cap,"$268,409,260","278,322"
268,KNTE,Health Care,Micro cap,"$268,241,172","115,487"
269,OTLK,Health Care,Micro cap,"$264,366,798","931,047"
270,PHAT,Health Care,Micro cap,"$263,592,142","379,527"
271,CRBU,Health Care,Micro cap,"$263,588,654","634,229"
272,VRCA,Health Care,Micro cap,"$259,901,249","132,080"
273,KOD,Health Care,Micro cap,"$255,791,763","448,838"
274,FUSN,Health Care,Micro cap,"$255,313,189","66,138"
275,CDXS,Health Care,Micro cap,"$255,214,143","620,642"
276,AVIR,Health Care,Micro cap,"$254,191,801","770,271"
277,APRE,Health Care,Micro cap,"$251,750,216","13,935"
278,ACET,Health Care,Micro cap,"$248,709,305","850,463"
279,MGTX,Health Care,Micro cap,"$247,224,616","220,049"
280,ALPN,Health Care,Micro cap,"$246,853,513","115,666"
281,PRQR,Health Care,Micro cap,"$246,666,185","963,347"
282,INO,Health Care,Micro cap,"$246,110,872","3,769,900"
283,HRTX,Health Care,Micro cap,"$245,503,972","1,589,674"
284,ICVX,Health Care,Micro cap,"$245,294,011","94,637"
285,OPT,Health Care,Micro cap,"$245,270,381","3,982"
286,BTX,Health Care,Micro cap,"$241,303,181","2,557,644"
287,LCTX,Health Care,Micro cap,"$238,203,998","339,657"
288,KZR,Health Care,Micro cap,"$237,192,593","1,253,219"
289,PGEN,Health Care,Micro cap,"$236,356,885","1,951,446"
290,ORIC,Health Care,Micro cap,"$234,474,318","209,390"
291,VAXX,Health Care,Micro cap,"$234,460,108","145,109"
292,ATNM,Health Care,Micro cap,"$234,446,415","301,328"
293,CABA,Health Care,Micro cap,"$234,117,188","275,867"
294,XOMA,Health Care,Micro cap,"$232,543,041","30,026"
295,OMER,Health Care,Micro cap,"$231,838,143","323,339"
296,PMVP,Health Care,Micro cap,"$231,613,207","1,238,196"
297,CMPI,Health Care,Micro cap,"$230,519,568","63,651"
298,SEER,Health Care,Micro cap,"$225,664,530","741,222"
299,PHVS,Health Care,Micro cap,"$224,438,234","17,863"
300,SELB,Health Care,Micro cap,"$222,312,427","2,400,712"
301,RIGL,Health Care,Micro cap,"$222,276,292","6,297,644"
302,KALV,Health Care,Micro cap,"$222,101,347","416,050"
303,SVRA,Health Care,Micro cap,"$220,104,922","209,817"
304,MOLN,Health Care,Micro cap,"$215,980,927","2,794"
305,GRTS,Health Care,Micro cap,"$215,648,466","642,061"
306,IPHA,Health Care,Micro cap,"$214,166,224","25,643"
307,JSPR,Health Care,Micro cap,"$212,203,356","1,440,446"
308,SBTX,Health Care,Micro cap,"$211,662,444","116,700"
309,ANTX,Health Care,Micro cap,"$210,324,813","47,883"
310,VERA,Health Care,Micro cap,"$206,602,571","618,886"
311,IPSC,Health Care,Micro cap,"$206,505,359","201,067"
312,ALT,Health Care,Micro cap,"$206,478,428","1,312,393"
313,GNFT,Health Care,Micro cap,"$203,077,556","5,128"
314,OCGN,Health Care,Micro cap,"$199,247,560","11,784,508"
315,ALXO,Health Care,Micro cap,"$199,003,049","242,728"
316,WINT,Health Care,Micro cap,"$198,456,012","56,533"
317,KMPH,Health Care,Micro cap,"$198,057,908","64,126"
318,ATAI,Health Care,Micro cap,"$197,391,615","1,059,780"
319,FHTX,Health Care,Micro cap,"$196,479,326","81,052"
320,FENC,Health Care,Micro cap,"$194,878,546","55,774"
321,DRTS,Health Care,Micro cap,"$194,267,484","35,103"
322,FULC,Health Care,Micro cap,"$193,923,241","1,694,943"
323,URGN,Health Care,Micro cap,"$193,032,726","89,358"
324,QSI,Health Care,Micro cap,"$190,826,593","879,024"
325,LRMR,Health Care,Micro cap,"$190,817,172","210,326"
326,ANNX,Health Care,Micro cap,"$188,844,774","387,992"
327,LIAN,Health Care,Micro cap,"$184,201,513","555,788"
328,ACIU,Health Care,Micro cap,"$182,979,524","75,925"
329,CCCC,Health Care,Micro cap,"$181,488,149","822,294"
330,COCP,Health Care,Micro cap,"$179,342,960","34,409"
331,NVCT,Health Care,Micro cap,"$179,039,589","16,647"
332,AADI,Health Care,Micro cap,"$177,840,403","115,096"
333,IVA,Health Care,Micro cap,"$175,952,290","12,614"
334,XERS,Health Care,Micro cap,"$175,729,411","1,277,426"
335,OVID,Health Care,Micro cap,"$174,818,945","82,983"
336,TNYA,Health Care,Micro cap,"$171,175,040","517,754"
337,JAGX,Health Care,Micro cap,"$170,884,419","2,419,117"
338,MACK,Health Care,Micro cap,"$169,208,084","78,937"
339,ADAP,Health Care,Micro cap,"$168,580,905","623,864"
340,PDSB,Health Care,Micro cap,"$168,475,433","429,694"
341,GLSI,Health Care,Micro cap,"$166,772,388","44,803"
342,RLYB,Health Care,Micro cap,"$166,387,855","107,176"
343,NKTX,Health Care,Micro cap,"$164,889,618","502,949"
344,ABOS,Health Care,Micro cap,"$161,202,434","82,632"
345,ADCT,Health Care,Micro cap,"$159,672,203","687,519"
346,ABSI,Health Care,Micro cap,"$158,919,243","557,781"
347,IMMP,Health Care,Micro cap,"$158,273,213","63,080"
348,ANVS,Health Care,Micro cap,"$150,787,658","36,134"
349,AMRN,Health Care,Micro cap,"$150,179,013","5,758,596"
350,CTXR,Health Care,Micro cap,"$145,702,017","499,055"
351,SPPI,Health Care,Micro cap,"$144,804,246","1,541,207"
352,INZY,Health Care,Micro cap,"$144,276,023","908,400"
353,OLMA,Health Care,Micro cap,"$143,430,070","84,401"
354,CUE,Health Care,Micro cap,"$142,455,944","207,353"
355,NKTR,Health Care,Micro cap,"$140,620,632","3,363,207"
356,RANI,Health Care,Micro cap,"$140,135,181","18,268"
357,GRCL,Health Care,Micro cap,"$139,431,129","73,290"
358,AVEO,Health Care,Micro cap,"$138,255,584","243,695"
359,IMRA,Health Care,Micro cap,"$137,990,319","67,416"
360,OBSV,Health Care,Micro cap,"$137,983,264","33,150,624"
361,RPHM,Health Care,Micro cap,"$136,630,128","121,609"
362,ARAV,Health Care,Micro cap,"$135,847,810","482,595"
363,CRMD,Health Care,Micro cap,"$135,818,221","162,148"
364,GRPH,Health Care,Micro cap,"$134,648,820","267,249"
365,GTHX,Health Care,Micro cap,"$134,309,882","1,083,719"
366,IKNA,Health Care,Micro cap,"$133,427,574","42,781"
367,BLI,Health Care,Micro cap,"$132,800,007","762,543"
368,EPIX,Health Care,Micro cap,"$132,277,122","67,452"
369,STTK,Health Care,Micro cap,"$128,620,734","37,414"
370,AKBA,Health Care,Micro cap,"$126,283,610","2,343,857"
371,CDXC,Health Care,Micro cap,"$125,728,665","179,845"
372,YMAB,Health Care,Micro cap,"$124,454,171","327,967"
373,FSTX,Health Care,Micro cap,"$120,900,555","2,249,513"
374,NOTV,Health Care,Micro cap,"$120,723,122","640,699"
375,NBTX,Health Care,Micro cap,"$120,321,758",573
376,TRVN,Health Care,Micro cap,"$119,912,930","90,772"
377,MIST,Health Care,Micro cap,"$119,658,147","121,609"
378,ESPR,Health Care,Micro cap,"$119,453,615","7,643,007"
379,SESN,Health Care,Micro cap,"$119,266,780","1,665,253"
380,INMB,Health Care,Micro cap,"$118,353,837","50,761"
381,LMNL,Health Care,Micro cap,"$118,272,154","10,984"
382,GALT,Health Care,Micro cap,"$118,019,494","129,050"
383,GNTA,Health Care,Micro cap,"$115,494,880","5,137"
384,TCRT,Health Care,Micro cap,"$113,672,221","969,194"
385,CLLS,Health Care,Micro cap,"$113,390,887","83,726"
386,OYST,Health Care,Micro cap,"$112,011,056","2,088,283"
387,CTMX,Health Care,Micro cap,"$111,682,580","717,497"
388,PLX,Health Care,Micro cap,"$111,265,654","1,347,087"
389,OTIC,Health Care,Micro cap,"$110,427,904","491,624"
390,CMRX,Health Care,Micro cap,"$110,341,959","843,840"
391,MNMD,Health Care,Micro cap,"$109,668,540","332,332"
392,SLGL,Health Care,Micro cap,"$108,281,112","5,357"
393,OPNT,Health Care,Micro cap,"$108,034,039","42,308"
394,MNOV,Health Care,Micro cap,"$107,901,741","26,684"
395,EYEN,Health Care,Micro cap,"$107,641,096","109,612"
396,TRVI,Health Care,Micro cap,"$106,880,271","72,912"
397,BCTX,Health Care,Micro cap,"$106,143,243","138,001"
398,CAPR,Health Care,Micro cap,"$105,819,095","131,420"
399,LJPC,Health Care,Micro cap,"$104,024,104","340,715"
400,PBYI,Health Care,Micro cap,"$103,077,174","453,425"
401,ETON,Health Care,Micro cap,"$102,850,550","81,504"
402,XFOR,Health Care,Micro cap,"$102,654,290","864,120"
403,CLVS,Health Care,Micro cap,"$102,585,736","24,516,461"
404,CDTX,Health Care,Micro cap,"$102,413,870","3,697,316"
405,VXRT,Health Care,Micro cap,"$101,766,130","1,563,183"
406,GOSS,Health Care,Micro cap,"$101,633,479","7,534,538"
407,RVLP,Health Care,Micro cap,"$101,336,810","84,020"
408,LIFE,Health Care,Micro cap,"$99,944,658","293,676"
409,XBIT,Health Care,Micro cap,"$98,927,644","23,660"
410,AKUS,Health Care,Micro cap,"$97,992,144","1,790,496"
411,GMDA,Health Care,Micro cap,"$96,957,934","828,607"
412,PRTK,Health Care,Micro cap,"$96,778,338","1,276,376"
413,CVM,Health Care,Micro cap,"$94,913,337","195,053"
414,PIRS,Health Care,Micro cap,"$91,519,691","104,261"
415,GRTX,Health Care,Micro cap,"$91,228,041","641,427"
416,CLGN,Health Care,Micro cap,"$91,169,820","6,456"
417,RUBY,Health Care,Micro cap,"$91,115,232","7,315,896"
418,SPRB,Health Care,Micro cap,"$91,018,606","153,262"
419,ATHA,Health Care,Micro cap,"$90,790,332","292,040"
420,CLNN,Health Care,Micro cap,"$90,668,890","195,480"
421,MTNB,Health Care,Micro cap,"$88,752,559","286,131"
422,VSTM,Health Care,Micro cap,"$88,137,768","602,204"
423,ELYM,Health Care,Micro cap,"$87,009,155","36,023"
424,CELU,Health Care,Micro cap,"$86,833,972","599,220"
425,AFMD,Health Care,Micro cap,"$86,603,654","806,286"
426,DARE,Health Care,Micro cap,"$86,521,991","215,566"
427,ORMP,Health Care,Micro cap,"$86,330,874","659,928"
428,ETTX,Health Care,Micro cap,"$86,133,240","39,735"
429,ATOS,Health Care,Micro cap,"$86,015,758","264,623"
430,FBIO,Health Care,Micro cap,"$84,741,147","753,975"
431,ACHV,Health Care,Micro cap,"$84,452,005","91,884"
432,TLSA,Health Care,Micro cap,"$84,415,816","85,477"
433,EPZM,Health Care,Micro cap,"$84,135,712","3,506,859"
434,LBPH,Health Care,Micro cap,"$83,918,023","25,921"
435,BCAB,Health Care,Micro cap,"$83,709,277","320,579"
436,MDWD,Health Care,Micro cap,"$82,970,629","36,966"
437,IFRX,Health Care,Micro cap,"$82,356,031","48,594"
438,DTIL,Health Care,Micro cap,"$82,325,446","357,661"
439,XLO,Health Care,Micro cap,"$81,591,068","32,154"
440,KRBP,Health Care,Micro cap,"$81,301,139","2,407,193"
441,RVPH,Health Care,Micro cap,"$80,749,340","71,743"
442,VACC,Health Care,Micro cap,"$80,564,202","31,483"
443,TIL,Health Care,Micro cap,"$80,345,662","550,536"
444,EYPT,Health Care,Micro cap,"$79,923,488","310,679"
445,CYBN,Health Care,Micro cap,"$79,815,698","1,571,141"
446,PRDS,Health Care,Micro cap,"$79,614,601","177,794"
447,SNGX,Health Care,Micro cap,"$79,303,368","28,570"
448,JNCE,Health Care,Micro cap,"$79,253,221","4,531,700"
449,ONCY,Health Care,Micro cap,"$77,905,428","238,719"
450,ATNF,Health Care,Micro cap,"$77,684,148","66,409"
451,KRON,Health Care,Micro cap,"$77,224,346","272,050"
452,GRNA,Health Care,Micro cap,"$76,791,431","693,631"
453,VBIV,Health Care,Micro cap,"$76,366,741","970,510"
454,OCUP,Health Care,Micro cap,"$74,905,254","71,761"
455,SEEL,Health Care,Micro cap,"$74,801,856","855,834"
456,NCNA,Health Care,Micro cap,"$74,617,400","104,721"
457,LBPS,Health Care,Micro cap,"$74,599,456","3,914"
458,ADVM,Health Care,Micro cap,"$74,587,338","458,179"
459,BLPH,Health Care,Micro cap,"$73,459,318","887,513"
460,GLYC,Health Care,Micro cap,"$73,393,522","680,167"
461,IPA,Health Care,Micro cap,"$73,310,217","76,839"
462,TALS,Health Care,Micro cap,"$73,014,524","155,008"
463,RZLT,Health Care,Micro cap,"$71,813,756","29,162"
464,DBTX,Health Care,Micro cap,"$71,542,854","50,175"
465,PYXS,Health Care,Micro cap,"$71,372,599","137,258"
466,ANEB,Health Care,Micro cap,"$71,260,343","1,966"
467,CRDF,Health Care,Micro cap,"$69,249,612","175,799"
468,INKT,Health Care,Micro cap,"$67,909,717","19,267"
469,BDTX,Health Care,Micro cap,"$67,490,120","143,117"
470,ENLV,Health Care,Micro cap,"$67,386,924","12,335"
471,HOWL,Health Care,Micro cap,"$66,715,886","64,844"
472,IMUX,Health Care,Micro cap,"$66,161,719","849,653"
473,ADAG,Health Care,Micro cap,"$65,743,902","11,544"
474,MYMD,Health Care,Micro cap,"$63,941,415","575,266"
475,LYRA,Health Care,Micro cap,"$63,813,151","36,680"
476,VTVT,Health Care,Micro cap,"$63,508,318","296,366"
477,CYT,Health Care,Micro cap,"$63,435,652","91,409"
478,IMNM,Health Care,Micro cap,"$63,029,493","34,659"
479,CLSD,Health Care,Micro cap,"$62,591,585","143,935"
480,CGEN,Health Care,Micro cap,"$61,650,758","265,572"
481,CRTX,Health Care,Micro cap,"$58,794,128","259,340"
482,UBX,Health Care,Micro cap,"$58,790,388","235,262"
483,BCLI,Health Care,Micro cap,"$57,918,720","138,502"
484,GANX,Health Care,Micro cap,"$57,515,501","62,348"
485,IOBT,Health Care,Micro cap,"$57,054,229","49,500"
486,PASG,Health Care,Micro cap,"$56,802,224","163,898"
487,CNTB,Health Care,Micro cap,"$56,692,484","2,740,353"
488,CSBR,Health Care,Micro cap,"$56,268,398","19,640"
489,MREO,Health Care,Micro cap,"$56,185,872","542,372"
490,ARMP,Health Care,Micro cap,"$56,024,294","27,503"
491,ASMB,Health Care,Micro cap,"$55,583,202","143,791"
492,RCOR,Health Care,Micro cap,"$55,262,128","14,313"
493,TCRR,Health Care,Micro cap,"$54,893,027","2,349,040"
494,ENOB,Health Care,Micro cap,"$53,755,828","148,359"
495,YMTX,Health Care,Micro cap,"$53,739,512","677,036"
496,VIRX,Health Care,Micro cap,"$53,391,200","54,667"
497,CGTX,Health Care,Micro cap,"$53,203,098","96,277"
498,FIXX,Health Care,Micro cap,"$53,064,160","260,022"
499,APTO,Health Care,Micro cap,"$52,658,583","150,242"
500,AMPE,Health Care,Micro cap,"$52,272,266","107,731"
501,HCWB,Health Care,Micro cap,"$52,013,632","24,752"
502,ONCT,Health Care,Micro cap,"$51,536,912","271,750"
503,HEPA,Health Care,Micro cap,"$51,454,991","210,195"
504,ELEV,Health Care,Micro cap,"$50,645,938","5,405,553"
505,CRIS,Health Care,Micro cap,"$50,241,307","389,684"
506,PMCB,Health Care,Micro cap,"$49,713,647","41,309"
507,BOLT,Health Care,Micro cap,"$49,335,770","217,353"
508,LTRN,Health Care,Micro cap,"$48,639,539","39,736"
509,ALGS,Health Care,Micro cap,"$48,522,301","81,133"
510,SPRO,Health Care,Micro cap,"$48,042,443","475,487"
511,GLTO,Health Care,Micro cap,"$48,009,396","30,553"
512,NRXP,Health Care,Micro cap,"$47,403,947","187,390"
513,BLRX,Health Care,Micro cap,"$47,372,406","294,052"
514,MGTA,Health Care,Micro cap,"$46,894,195","329,120"
515,TCRX,Health Care,Micro cap,"$46,752,909","34,129"
516,AGTC,Health Care,Micro cap,"$44,775,976","764,531"
517,PRAX,Health Care,Micro cap,"$44,733,244","5,084,801"
518,NXTC,Health Care,Micro cap,"$44,717,003","79,723"
519,AQST,Health Care,Micro cap,"$44,407,931","382,119"
520,BYSI,Health Care,Micro cap,"$44,378,971","112,333"
521,PRTG,Health Care,Micro cap,"$44,056,436","26,616"
522,TSHA,Health Care,Micro cap,"$43,703,352","351,407"
523,SYBX,Health Care,Micro cap,"$42,981,903","103,820"
524,EIGR,Health Care,Micro cap,"$42,798,357","337,064"
525,SNSE,Health Care,Micro cap,"$42,394,002","21,405"
526,PPBT,Health Care,Micro cap,"$42,063,276","28,116"
527,CNSP,Health Care,Micro cap,"$42,034,105","104,016"
528,ABEO,Health Care,Micro cap,"$41,737,192","154,776"
529,ICCC,Health Care,Micro cap,"$41,523,191","7,936"
530,ALZN,Health Care,Micro cap,"$41,469,253","207,728"
531,LVTX,Health Care,Micro cap,"$41,240,861","60,786"
532,BCDA,Health Care,Micro cap,"$40,892,820","18,142"
533,TARA,Health Care,Micro cap,"$40,794,765","31,420"
535,GNPX,Health Care,Micro cap,"$40,458,225","363,909"
536,APLT,Health Care,Micro cap,"$40,374,329","127,660"
537,TCON,Health Care,Micro cap,"$40,260,096","68,532"
538,CADL,Health Care,Micro cap,"$40,162,721","15,201"
539,DMAC,Health Care,Micro cap,"$39,955,639","8,950"
540,MBIO,Health Care,Micro cap,"$39,385,714","377,130"
541,FWP,Health Care,Micro cap,"$39,356,052","49,649"
542,ORGS,Health Care,Micro cap,"$39,040,235","79,710"
543,PHAS,Health Care,Micro cap,"$39,025,516","9,647,464"
544,AVRO,Health Care,Micro cap,"$38,958,938","364,998"
545,ACXP,Health Care,Micro cap,"$38,514,481","35,819"
546,BCEL,Health Care,Micro cap,"$38,498,821","154,416"
547,DYAI,Health Care,Micro cap,"$38,274,554","18,731"
548,APM,Health Care,Micro cap,"$38,177,919","6,484"
549,SURF,Health Care,Micro cap,"$37,759,823","196,013"
550,MDNA,Health Care,Micro cap,"$37,430,140","48,818"
551,NYMX,Health Care,Micro cap,"$37,219,826","45,310"
552,TNXP,Health Care,Micro cap,"$35,630,692","1,402,168"
553,MNPR,Health Care,Micro cap,"$35,494,670","10,786"
554,ELDN,Health Care,Micro cap,"$35,306,796","40,175"
555,NLSP,Health Care,Micro cap,"$35,140,612","84,519"
556,ACHL,Health Care,Micro cap,"$35,039,487","166,436"
557,PTN,Health Care,Micro cap,"$34,573,308","64,546"
558,SLS,Health Care,Micro cap,"$34,529,055","620,143"
559,SGTX,Health Care,Micro cap,"$34,090,074","321,047"
560,MEIP,Health Care,Micro cap,"$33,315,216","1,516,751"
561,LPTX,Health Care,Micro cap,"$32,677,054","722,989"
562,AXLA,Health Care,Micro cap,"$32,364,128","107,711"
563,PSTI,Health Care,Micro cap,"$32,347,584","170,627"
564,REVB,Health Care,Micro cap,"$32,244,416","360,731"
565,MIRO,Health Care,Micro cap,"$32,104,392","161,405"
566,ERYP,Health Care,Micro cap,"$32,066,980","4,560"
567,CRVS,Health Care,Micro cap,"$31,661,043","79,450"
568,IMPL,Health Care,Micro cap,"$31,097,845","58,242"
569,AYLA,Health Care,Micro cap,"$30,987,660","50,068"
570,VTGN,Health Care,Micro cap,"$30,705,702","2,087,458"
571,ENTX,Health Care,Micro cap,"$30,538,517","56,711"
572,PTIX,Health Care,Micro cap,"$29,944,725","13,819"
573,KALA,Health Care,Micro cap,"$29,632,992","1,693,217"
574,ABIO,Health Care,Micro cap,"$29,252,590","30,957"
575,STSA,Health Care,Micro cap,"$29,250,217","85,342"
576,INAB,Health Care,Micro cap,"$29,155,117","69,708"
577,NOVN,Health Care,Micro cap,"$28,132,655","112,047"
578,EVAX,Health Care,Micro cap,"$27,647,085","73,446"
579,UNCY,Health Care,Micro cap,"$27,546,062","25,786,297"
580,OCX,Health Care,Micro cap,"$27,513,502","1,204,345"
581,LPCN,Health Care,Micro cap,"$27,438,345","320,422"
582,IMMX,Health Care,Micro cap,"$27,380,679","49,725"
583,LUMO,Health Care,Micro cap,"$27,288,049","12,545"
584,SRZN,Health Care,Micro cap,"$27,009,482","150,314"
585,MBRX,Health Care,Micro cap,"$26,998,904","68,307"
586,CRBP,Health Care,Micro cap,"$26,946,579","2,122,197"
587,TFFP,Health Care,Micro cap,"$26,605,537","171,449"
588,NTRB,Health Care,Micro cap,"$26,554,382","7,113"
589,IDRA,Health Care,Micro cap,"$26,501,059","282,354"
590,EVGN,Health Care,Micro cap,"$25,588,057","69,085"
591,IBIO,Health Care,Micro cap,"$25,356,766","1,593,756"
592,SABS,Health Care,Micro cap,"$25,198,881","28,405"
593,RNXT,Health Care,Micro cap,"$24,313,665","93,399"
594,AGE,Health Care,Micro cap,"$24,286,177","13,343"
595,MTCR,Health Care,Micro cap,"$24,264,624","147,088"
597,SQZ,Health Care,Micro cap,"$23,592,900","892,392"
598,CASI,Health Care,Micro cap,"$23,031,553","8,748"
599,EVLO,Health Care,Micro cap,"$22,818,318","155,500"
600,HARP,Health Care,Micro cap,"$22,744,350","317,380"
601,EQ,Health Care,Micro cap,"$22,369,197","41,632"
602,BTTX,Health Care,Micro cap,"$22,319,604","33,864"
603,NHWK,Health Care,Micro cap,"$21,812,265","35,835"
604,KZIA,Health Care,Micro cap,"$21,747,136","70,228"
605,AIM,Health Care,Micro cap,"$21,132,082","110,997"
606,AGLE,Health Care,Micro cap,"$21,044,162","270,829"
607,ASLN,Health Care,Micro cap,"$20,895,050","89,035"
608,EDSA,Health Care,Micro cap,"$20,861,012","118,053"
609,ADXN,Health Care,Micro cap,"$20,378,202","273,449"
610,ABVC,Health Care,Micro cap,"$20,232,044","68,553"
611,GTBP,Health Care,Micro cap,"$20,154,724","55,631"
612,IKT,Health Care,Micro cap,"$20,053,920","563,479"
613,CYCN,Health Care,Micro cap,"$20,021,451","77,064"
614,FBRX,Health Care,Micro cap,"$19,931,426","32,303"
615,CYAD,Health Care,Micro cap,"$19,595,738","32,049"
616,BNOX,Health Care,Micro cap,"$19,583,138","82,367"
617,NRSN,Health Care,Micro cap,"$19,572,999","38,093"
618,SIOX,Health Care,Micro cap,"$19,539,302","369,237"
619,AIKI,Health Care,Micro cap,"$19,526,942","31,931"
620,ACST,Health Care,Micro cap,"$19,406,581","69,101"
621,VYNT,Health Care,Micro cap,"$19,366,501","20,225"
622,VCNX,Health Care,Micro cap,"$19,259,000","103,230"
623,FNCH,Health Care,Micro cap,"$19,159,070","94,940"
624,VINC,Health Care,Micro cap,"$19,047,483","37,969"
625,AKTX,Health Care,Micro cap,"$19,044,098","162,182"
626,MTEM,Health Care,Micro cap,"$18,731,287","3,600,372"
627,SYRS,Health Care,Micro cap,"$17,704,486","184,097"
628,AVTX,Health Care,Micro cap,"$17,416,092","16,816"
629,GOVX,Health Care,Micro cap,"$17,381,069","426,193"
630,INFI,Health Care,Micro cap,"$17,141,352","1,208,822"
631,CDAK,Health Care,Micro cap,"$16,978,458","174,323"
632,NMTR,Health Care,Micro cap,"$16,971,680","63,154"
633,LGVN,Health Care,Micro cap,"$16,516,974","29,089"
634,ANGN,Health Care,Micro cap,"$16,355,017","26,563"
635,ACER,Health Care,Micro cap,"$16,264,991","1,217,264"
636,BWV,Health Care,Micro cap,"$16,230,105","139,454"
637,SYN,Health Care,Micro cap,"$16,160,942","57,189"
638,FREQ,Health Care,Micro cap,"$15,702,642","476,797"
639,FRLN,Health Care,Micro cap,"$15,626,249","38,264"
640,AMTI,Health Care,Micro cap,"$15,405,974","172,541"
641,NNVC,Health Care,Micro cap,"$15,241,850","18,161"
642,RGLS,Health Care,Micro cap,"$15,219,791","31,252"
643,INDP,Health Care,Micro cap,"$15,205,895","9,348"
644,EFTR,Health Care,Micro cap,"$15,205,077","82,711"
645,ONTX,Health Care,Micro cap,"$15,103,313","77,185"
646,CLRB,Health Care,Micro cap,"$15,000,381","212,519"
647,TPST,Health Care,Micro cap,"$14,786,380","5,178"
648,LOGC,Health Care,Micro cap,"$14,417,885","153,044"
649,MITO,Health Care,Micro cap,"$14,021,126","1,299,740"
650,HGEN,Health Care,Micro cap,"$13,983,861","2,158,873"
651,CLSN,Health Care,Micro cap,"$13,913,532","67,986"
652,ACOR,Health Care,Micro cap,"$13,872,487","155,817"
653,UPC,Health Care,Micro cap,"$13,450,200","17,723"
654,AEZS,Health Care,Micro cap,"$13,207,994","17,158"
655,LIXT,Health Care,Micro cap,"$12,787,913","165,627"
656,ALNA,Health Care,Micro cap,"$12,733,095","276,971,676"
657,BPTH,Health Care,Micro cap,"$12,708,402","33,498"
658,KTTA,Health Care,Micro cap,"$12,571,086","39,833"
659,GRAY,Health Care,Micro cap,"$12,540,763","31,744"
660,ARDS,Health Care,Micro cap,"$12,331,788","454,296"
661,GNCA,Health Care,Micro cap,"$12,279,873","1,452"
662,ANPC,Health Care,Micro cap,"$12,259,713","15,425"
663,SONN,Health Care,Micro cap,"$12,234,837","105,724"
664,APTX,Health Care,Micro cap,"$12,080,484","5,028,538"
665,ITRM,Health Care,Micro cap,"$12,075,745","98,749"
666,GLS,Health Care,Micro cap,"$12,050,528","272,287"
667,BRTX,Health Care,Micro cap,"$11,665,115","4,378,007"
668,CING,Health Care,Micro cap,"$11,535,600","473,858"
669,DFFN,Health Care,Micro cap,"$11,522,847","5,631"
670,PULM,Health Care,Micro cap,"$11,172,298","23,309"
671,TTNP,Health Care,Micro cap,"$10,971,913","16,222"
672,GLMD,Health Care,Micro cap,"$10,913,460","25,505"
673,ADIL,Health Care,Micro cap,"$10,899,031","513,076"
674,VBLT,Health Care,Micro cap,"$10,790,343","2,169,469"
675,PHGE,Health Care,Micro cap,"$10,691,167","242,809"
676,PHGE=,Health Care,Micro cap,"$10,691,167","2,460"
677,IMRN,Health Care,Micro cap,"$10,535,672","3,782"
678,LABP,Health Care,Micro cap,"$10,454,195","596,250"
679,ZSAN,Health Care,Micro cap,"$10,294,746","1,154,951"
680,ATHE,Health Care,Micro cap,"$10,189,231","17,423"
682,VRPX,Health Care,Micro cap,"$9,957,141","17,025"
683,CNTX,Health Care,Micro cap,"$9,737,696","94,706"
684,CYTH,Health Care,Micro cap,"$9,709,453","85,455"
685,NEXI,Health Care,Micro cap,"$9,700,869","125,656"
686,PSTV,Health Care,Micro cap,"$9,627,130","259,818"
687,SCPS,Health Care,Micro cap,"$9,604,235","13,802"
688,NAVB,Health Care,Micro cap,"$9,600,264","68,274"
689,BPTS,Health Care,Micro cap,"$9,481,689","1,623,841"
690,XRTX,Health Care,Micro cap,"$8,928,282","90,233"
691,APVO,Health Care,Micro cap,"$8,859,659","52,635"
692,NERV,Health Care,Micro cap,"$8,811,318","31,155"
693,NRBO,Health Care,Micro cap,"$8,462,038","505,063"
694,ONCR,Health Care,Micro cap,"$8,314,001","75,781"
695,MRKR,Health Care,Micro cap,"$8,270,899","28,159"
696,PCSA,Health Care,Micro cap,"$8,066,040","153,405"
697,PYPD,Health Care,Micro cap,"$8,065,325","47,013"
698,DRUG,Health Care,Micro cap,"$8,047,325","58,137"
699,VYNE,Health Care,Micro cap,"$7,899,538","17,709"
700,CELZ,Health Care,Micro cap,"$7,741,935","138,174"
701,PALI,Health Care,Micro cap,"$7,521,642","159,226"
702,CYCC,Health Care,Micro cap,"$7,398,122","45,035"
703,AYTU,Health Care,Micro cap,"$7,325,187","81,537"
704,ENSC,Health Care,Micro cap,"$7,210,778","1,622,942"
705,PBLA,Health Care,Micro cap,"$7,122,786","1,562,893"
706,BBI,Health Care,Micro cap,"$6,753,818","31,317"
707,PHIO,Health Care,Micro cap,"$6,661,870","7,189"
708,ONCS,Health Care,Micro cap,"$6,625,879","4,908,231"
709,XBIO,Health Care,Micro cap,"$6,369,970","46,138"
710,CBIO,Health Care,Micro cap,"$6,326,888","5,974,526"
711,NBSE,Health Care,Micro cap,"$6,266,362","192,658"
712,ALRN,Health Care,Micro cap,"$6,130,575","71,951"
713,IMV,Health Care,Micro cap,"$6,120,501","205,634"
714,KPRX,Health Care,Micro cap,"$6,084,098","66,595"
715,ARTL,Health Care,Micro cap,"$6,034,354","12,499"
716,KTRA,Health Care,Micro cap,"$5,997,592","67,654"
717,SNPX,Health Care,Micro cap,"$5,994,627","77,170"
718,BNTC,Health Care,Micro cap,"$5,973,978","410,593"
719,REVBU,Health Care,Micro cap,"$5,723,972","14,592"
720,VIRI,Health Care,Micro cap,"$5,682,421","452,860"
721,VLON,Health Care,Micro cap,"$5,527,760","1,386,878"
722,NBRV,Health Care,Micro cap,"$5,484,465","13,360"
723,ATXI,Health Care,Micro cap,"$5,337,046","1,601,519"
724,INM,Health Care,Micro cap,"$5,191,986","390,778"
725,EVFM,Health Care,Micro cap,"$5,150,157","3,362,697"
726,XCUR,Health Care,Micro cap,"$4,840,205","13,896"
727,FWBI,Health Care,Micro cap,"$4,819,197","35,648"
728,SLRX,Health Care,Micro cap,"$4,670,365","16,560"
729,PTE,Health Care,Micro cap,"$4,557,621","29,989"
730,HSTO,Health Care,Micro cap,"$4,314,477","5,784,329"
731,CWBR,Health Care,Micro cap,"$4,273,181","8,617"
732,QLGN,Health Care,Micro cap,"$4,252,844","858,108"
733,RNAZ,Health Care,Micro cap,"$4,160,501","423,793"
734,BXRX,Health Care,Micro cap,"$4,033,695","263,208"
735,DRMA,Health Care,Micro cap,"$4,012,240","137,807"
736,ADTX,Health Care,Micro cap,"$3,811,945","52,023"
737,SPRC,Health Care,Micro cap,"$3,627,616","212,329"
738,ENVB,Health Care,Micro cap,"$3,553,843","13,086"
739,CANF,Health Care,Micro cap,"$3,421,904","32,805"
740,ALLR,Health Care,Micro cap,"$3,390,000","10,959,693"
741,GMVD,Health Care,Micro cap,"$3,377,681","50,901"
742,XTLB,Health Care,Micro cap,"$3,345,311","2,307"
743,PTPI,Health Care,Micro cap,"$3,181,789","7,755"
744,HOTH,Health Care,Micro cap,"$2,823,227","278,447"
745,NBY,Health Care,Micro cap,"$2,795,902","15,498"
746,NVIV,Health Care,Micro cap,"$2,716,852","95,146"
747,BLCM,Health Care,Micro cap,"$2,540,990","214,902"
748,MTP,Health Care,Micro cap,"$2,426,161","49,208"
749,CFRX,Health Care,Micro cap,"$2,246,246","284,702"
750,TCBP,Health Care,Micro cap,"$2,194,403","180,101"
751,HOOK,Health Care,Micro cap,"$1,932,811","134,757"
752,CYTO,Health Care,Micro cap,"$1,909,808","247,674"
753,BVXV,Health Care,Micro cap,"$1,450,879","21,121"
754,TENX,Health Care,Micro cap,"$1,212,775","9,244,579"
755,STAB,Health Care,Micro cap,"$1,106,949","995,601"
756,CALA,Health Care,Micro cap,"$218,937","62,844"
757,QNRX,Health Care,Micro cap,"$11,352","518,405"
758,TYME,Health Care,Unknown,$0,"2,633,537"
759,TMO,Health Care,Large cap,"$213,986,924,450","1,245,827"
760,DHR,Health Care,Large cap,"$179,907,490,460","2,562,069"
761,DXCM,Health Care,Large cap,"$44,244,367,505","2,691,928"
762,IDXX,Health Care,Large cap,"$39,689,159,833","393,945"
763,A,Health Care,Large cap,"$38,775,383,984","1,711,686"
764,IQV,Health Care,Large cap,"$34,994,547,104","1,285,556"
765,ILMN,Health Care,Large cap,"$34,278,100,000","1,351,142"
766,MTD,Health Care,Large cap,"$32,025,875,675","90,050"
767,LH,Health Care,Large cap,"$18,996,525,000","675,075"
768,WAT,Health Care,Large cap,"$17,575,203,372","443,651"
769,ICLR,Health Care,Large cap,"$16,986,240,907","511,981"
770,PKI,Health Care,Large cap,"$15,814,139,324","852,719"
771,DGX,Health Care,Large cap,"$15,072,021,376","1,508,442"
773,EXAS,Health Care,Large cap,"$11,657,183,258","2,182,658"
774,QGEN,Health Care,Large cap,"$10,436,244,124","742,989"
775,CRL,Health Care,Mid cap,"$9,876,406,435","659,048"
776,NTRA,Health Care,Mid cap,"$6,310,012,098","1,839,178"
777,QDEL,Health Care,Mid cap,"$5,664,277,353","440,135"
778,MEDP,Health Care,Mid cap,"$5,605,174,883","418,171"
779,LNTH,Health Care,Mid cap,"$5,430,328,672","1,146,807"
780,SHC,Health Care,Mid cap,"$4,916,988,800","1,274,131"
781,OCDX,Health Care,Mid cap,"$4,153,230,336","5,847,503"
782,NEOG,Health Care,Mid cap,"$3,953,461,836","1,638,198"
783,SYNH,Health Care,Mid cap,"$3,440,002,282","1,518,067"
784,OLK,Health Care,Mid cap,"$2,737,830,664","93,292"
785,GH,Health Care,Mid cap,"$2,513,208,208","1,961,567"
786,NEO,Health Care,Mid cap,"$2,314,636,917","1,461,196"
787,PACB,Health Care,Mid cap,"$2,283,013,416","4,180,410"
788,MYGN,Health Care,Small cap,"$1,919,316,338","829,522"
789,RDNT,Health Care,Small cap,"$1,338,330,686","397,465"
790,VIVO,Health Care,Small cap,"$1,122,930,304","2,039,919"
791,NRC,Health Care,Small cap,"$1,067,396,526","61,823"
792,OPK,Health Care,Small cap,"$973,540,023","5,419,768"
793,HSKA,Health Care,Small cap,"$969,739,406","113,302"
794,TWST,Health Care,Small cap,"$908,594,036","1,472,009"
795,FLGT,Health Care,Small cap,"$889,992,152","479,296"
796,ME,Health Care,Small cap,"$632,354,244","2,046,854"
797,CSTL,Health Care,Small cap,"$588,915,651","227,281"
798,MXCT,Health Care,Small cap,"$502,622,976","669,048"
799,CDNA,Health Care,Small cap,"$473,944,881","3,383,838"
800,SENS,Health Care,Small cap,"$343,618,733","4,221,843"
801,BNGO,Health Care,Small cap,"$333,800,510","5,907,036"
802,NVTA,Health Care,Small cap,"$313,901,441","8,964,691"
803,BNR,Health Care,Micro cap,"$257,299,225","151,176"
804,SRDX,Health Care,Micro cap,"$241,961,250","510,066"
805,CELC,Health Care,Micro cap,"$217,972,535","128,340"
806,TTOO,Health Care,Micro cap,"$176,271,364","464,701"
807,LAB,Health Care,Micro cap,"$167,615,527","273,233"
808,ANIX,Health Care,Micro cap,"$133,286,181","96,436"
809,BDSX,Health Care,Micro cap,"$128,658,521","184,213"
810,PSNL,Health Care,Micro cap,"$126,656,809","428,441"
811,CHEK,Health Care,Micro cap,"$126,299,653","21,961"
812,SERA,Health Care,Micro cap,"$112,247,600","146,026"
813,DRIO,Health Care,Micro cap,"$106,074,745","159,345"
814,ENZ,Health Care,Micro cap,"$105,781,809","2,693,898"
815,VNRX,Health Care,Micro cap,"$102,216,761","132,744"
816,DMTK,Health Care,Micro cap,"$98,693,475","355,168"
817,RNLX,Health Care,Micro cap,"$93,312,571","68,304"
818,GTH,Health Care,Micro cap,"$91,060,953","56,199"
819,MYNZ,Health Care,Micro cap,"$90,146,292","53,258"
820,PRE,Health Care,Micro cap,"$86,782,107","102,560"
821,LHDX,Health Care,Micro cap,"$84,918,848","103,762,977"
822,STIM,Health Care,Micro cap,"$79,758,966","474,424"
823,BVS,Health Care,Micro cap,"$79,546,764","8,952,021"
824,OPGN,Health Care,Micro cap,"$75,177,900","538,163"
825,AKU,Health Care,Micro cap,"$71,849,210","35,720"
826,AWH,Health Care,Micro cap,"$52,192,799","164,476"
827,AXDX,Health Care,Micro cap,"$48,558,745","499,433"
828,MDXH,Health Care,Micro cap,"$46,583,949","254,584"
829,CODX,Health Care,Micro cap,"$44,837,780","74,087"
830,XGN,Health Care,Micro cap,"$37,857,816","17,508"
831,HTGM,Health Care,Micro cap,"$37,017,326","102,263"
832,QTNT,Health Care,Micro cap,"$35,622,372","5,811,488"
833,LMDX,Health Care,Micro cap,"$33,478,908","143,931"
834,BMRA,Health Care,Micro cap,"$32,280,472","14,041"
836,PMD,Health Care,Micro cap,"$28,449,268","8,139"
837,GENE,Health Care,Micro cap,"$21,159,706","295,255"
838,CNTG,Health Care,Micro cap,"$18,136,467","8,948"
839,SLNO,Health Care,Micro cap,"$17,726,270","30,532"
840,ONVO,Health Care,Micro cap,"$17,080,596","49,068"
841,PRPO,Health Care,Micro cap,"$14,376,764","59,358"
842,CEMI,Health Care,Micro cap,"$14,132,762","464,076"
843,ISPC,Health Care,Micro cap,"$11,451,029","10,343"
844,TRIB,Health Care,Micro cap,"$10,388,076","26,816"
845,NDRA,Health Care,Micro cap,"$9,539,000","10,134"
846,SQL,Health Care,Micro cap,"$5,686,472","172,501"
847,BIOC,Health Care,Micro cap,"$5,117,631","165,417"
848,MOTS,Health Care,Micro cap,"$2,427,138","30,010"
850,JNJ,Health Care,Large cap,"$471,501,804,279","8,943,713"
851,LLY,Health Care,Large cap,"$316,106,512,334","3,792,061"
852,ABBV,Health Care,Large cap,"$273,971,219,521","7,552,780"
853,MRK,Health Care,Large cap,"$264,597,492,835","10,832,183"
854,PFE,Health Care,Large cap,"$226,792,087,106","24,867,457"
855,AZN,Health Care,Large cap,"$208,483,600,671","4,044,633"
856,NVS,Health Care,Large cap,"$198,331,040,503","2,271,007"
857,BMY,Health Care,Large cap,"$140,576,015,006","8,575,789"
858,SNY,Health Care,Large cap,"$130,446,064,833","1,262,224"
859,AMGN,Health Care,Large cap,"$124,469,861,078","2,903,115"
860,GILD,Health Care,Large cap,"$98,222,001,929","6,312,042"
861,GSK,Health Care,Large cap,"$72,111,783,971","2,827,273"
862,MRNA,Health Care,Large cap,"$57,628,000,036","3,453,513"
863,BIIB,Health Care,Large cap,"$38,313,258,750","988,196"
864,HZNP,Health Care,Large cap,"$24,626,696,987","1,738,093"
865,OGN,Health Care,Mid cap,"$5,448,878,119","2,493,999"
866,GRFS,Health Care,Small cap,"$1,811,676,012","1,480,293"
867,TSVT,Health Care,Small cap,"$476,300,756","1,138,751"
868,CRXT,Health Care,Micro cap,"$20,963,152","2,737,134"
869,ZTS,Health Care,Large cap,"$74,716,474,088","2,194,091"
870,TAK,Health Care,Large cap,"$51,329,670,075","2,727,912"
871,CTLT,Health Care,Large cap,"$11,280,867,855","1,939,234"
872,VTRS,Health Care,Large cap,"$11,010,688,423","11,020,263"
873,TEVA,Health Care,Mid cap,"$9,475,059,146","9,330,484"
874,RDY,Health Care,Mid cap,"$9,075,521,054","199,538"
875,ELAT,Health Care,Mid cap,"$6,510,840,554","105,726"
876,PRGO,Health Care,Mid cap,"$4,485,139,037","1,455,440"
877,ELAN,Health Care,Mid cap,"$4,320,667,374","9,492,615"
879,BHC,Health Care,Mid cap,"$2,634,399,994","3,516,910"
880,SNDL,Health Care,Mid cap,"$2,556,748,120","4,629,809"
881,SUPN,Health Care,Small cap,"$1,903,191,640","605,441"
882,PCRX,Health Care,Small cap,"$1,773,764,570","718,371"
883,AMPH,Health Care,Small cap,"$1,767,871,626","501,875"
884,EMBC,Health Care,Small cap,"$1,685,549,835","973,800"
885,IRWD,Health Care,Small cap,"$1,620,201,063","2,209,690"
886,TLRY,Health Care,Small cap,"$1,606,440,974","13,085,404"
887,CGC,Health Care,Small cap,"$949,351,668","5,115,077"
888,AMYT,Health Care,Small cap,"$930,660,908","325,673"
889,TARO,Health Care,Small cap,"$905,037,914","17,255"
890,COLL,Health Care,Small cap,"$783,531,064","437,460"
891,CRON,Health Care,Small cap,"$734,510,528","2,680,123"
892,CALT,Health Care,Small cap,"$679,127,503","8,663"
893,ANIP,Health Care,Small cap,"$661,593,732","81,431"
894,AVDL,Health Care,Small cap,"$564,657,610","549,564"
895,TCDA,Health Care,Small cap,"$531,524,800","35,404,136"
896,PROC,Health Care,Small cap,"$521,247,725","33,413"
897,HROW,Health Care,Small cap,"$467,031,796","370,367"
898,EOLS,Health Care,Small cap,"$465,396,203","395,197"
899,EBS,Health Care,Small cap,"$394,101,642","1,588,692"
900,RGC,Health Care,Small cap,"$340,072,625","1,197"
901,PETQ,Health Care,Small cap,"$335,371,572","381,559"
902,EGRX,Health Care,Small cap,"$334,117,024","422,732"
903,AERI,Health Care,Small cap,"$331,122,624","1,215,184"
904,ASRT,Health Care,Small cap,"$321,799,770","2,909,183"
906,RDUS,Health Care,Micro cap,"$297,313,120","2,381,772"
907,PAHC,Health Care,Micro cap,"$295,504,950","151,481"
908,ORGO,Health Care,Micro cap,"$254,481,828","3,441,070"
909,ACB,Health Care,Micro cap,"$241,507,281","4,794,864"
910,ZOM,Health Care,Micro cap,"$210,678,429","4,750,378"
911,OGI,Health Care,Micro cap,"$202,553,204","1,006,455"
912,AMRX,Health Care,Micro cap,"$198,466,087","1,215,975"
913,KMDA,Health Care,Micro cap,"$195,415,017","20,779"
914,OPTN,Health Care,Micro cap,"$187,840,923","308,348"
915,RDHL,Health Care,Micro cap,"$160,829,226","3,336,305"
916,BGXX,Health Care,Micro cap,"$155,777,982","1,065,313"
918,PRPH,Health Care,Micro cap,"$121,757,675","50,282"
919,IXHL,Health Care,Micro cap,"$120,612,787","13,246"
920,DRRX,Health Care,Micro cap,"$110,916,448","106,008"
921,ENDP,Health Care,Micro cap,"$109,328,008","157,670,555"
923,INCR,Health Care,Micro cap,"$97,489,362","96,544"
924,SCTL,Health Care,Micro cap,"$93,381,413","457,651"
926,TKNO,Health Care,Micro cap,"$81,321,951","66,643"
927,THTX,Health Care,Micro cap,"$78,016,144","61,290"
928,SLDB,Health Care,Micro cap,"$73,728,880","50,360"
929,LCI,Health Care,Micro cap,"$71,490,000","48,207"
930,RLMD,Health Care,Micro cap,"$69,830,151","231,089"
931,VLNS,Health Care,Micro cap,"$63,115,044","44,625"
932,SCYX,Health Care,Micro cap,"$58,945,871","185,578"
934,HEXO,Health Care,Micro cap,"$54,228,795","531,916"
935,QLI,Health Care,Micro cap,"$46,832,500","11,682"
936,COSM,Health Care,Micro cap,"$36,800,780","675,879"
937,AKAN,Health Care,Micro cap,"$36,014,951","1,070,664"
938,TXMD,Health Care,Micro cap,"$33,835,362","40,352"
939,CRDL,Health Care,Micro cap,"$32,209,012","80,821"
940,HAPP,Health Care,Micro cap,"$30,381,677","4,124"
941,CPIX,Health Care,Micro cap,"$27,927,078","9,525"
942,NLTX,Health Care,Micro cap,"$26,752,903","465,229"
945,ZYNE,Health Care,Micro cap,"$20,817,651","270,539"
946,CPHI,Health Care,Micro cap,"$19,324,635","1,226,198"
947,ADMP,Health Care,Micro cap,"$17,997,992","4,676,417"
948,SBFM,Health Care,Micro cap,"$17,840,391","121,358"
949,CLVR,Health Care,Micro cap,"$16,349,405","179,226"
950,DERM,Health Care,Micro cap,"$16,236,666","12,473"
951,BFRI,Health Care,Micro cap,"$15,693,673","130,249"
952,RMTI,Health Care,Micro cap,"$12,982,068","118,722"
953,SISI,Health Care,Micro cap,"$12,498,100","24,854"
954,YCBD,Health Care,Micro cap,"$12,425,097","326,354"
955,ATNX,Health Care,Micro cap,"$11,262,172","105,481"
957,ALIM,Health Care,Micro cap,"$9,933,555","15,792"
958,AGRX,Health Care,Micro cap,"$9,828,716","372,409"
959,EVOK,Health Care,Micro cap,"$8,758,843","10,948"
961,NEPT,Health Care,Micro cap,"$5,945,174","52,043"
962,PRFX,Health Care,Micro cap,"$5,849,855","22,279"
963,ACRX,Health Care,Micro cap,"$5,362,799","276,531"
964,SNOA,Health Care,Micro cap,"$4,835,217","340,898"
965,PLXP,Health Care,Micro cap,"$4,662,031","253,078"
966,SXTC,Health Care,Micro cap,"$826,328","243,868"
967,CERN,Health Care,Large cap,"$27,621,681,152","38,200,339"
968,VEEV,Health Care,Large cap,"$24,530,488,891","1,149,027"
969,CHNGU,Health Care,Mid cap,"$7,396,648,453","362,164"
970,CHNG,Health Care,Mid cap,"$7,190,654,976","28,984,942"
971,SGFY,Health Care,Mid cap,"$5,174,479,542","1,509,834"
972,HQY,Health Care,Mid cap,"$4,882,025,337","899,309"
973,TXG,Health Care,Mid cap,"$4,763,708,771","1,018,199"
974,TDOC,Health Care,Mid cap,"$3,940,214,562","3,578,213"
975,DOCS,Health Care,Mid cap,"$3,906,551,964","1,496,660"
976,RCM,Health Care,Mid cap,"$3,845,875,000","1,872,090"
977,PINC,Health Care,Mid cap,"$3,726,491,046","546,343"
978,EVH,Health Care,Mid cap,"$3,324,909,275","1,049,300"
979,PGNY,Health Care,Mid cap,"$3,086,150,931","1,493,648"
980,PRVA,Health Care,Mid cap,"$3,066,983,192","903,312"
981,OMCL,Health Care,Mid cap,"$2,520,213,139","596,142"
982,CVET,Health Care,Mid cap,"$2,512,096,256","5,301,029"
983,AGTI,Health Care,Mid cap,"$2,113,914,358","311,375"
984,ONEM,Health Care,Small cap,"$1,707,622,400","15,268,322"
985,PHR,Health Care,Small cap,"$1,634,637,432","444,348"
986,SDGR,Health Care,Small cap,"$1,597,298,866","596,468"
987,MDRX,Health Care,Small cap,"$1,408,358,513","1,584,940"
988,DH,Health Care,Small cap,"$1,141,616,340","1,074,776"
989,NXGN,Health Care,Small cap,"$1,101,899,770","494,988"
990,ACCD,Health Care,Small cap,"$964,424,398","620,404"
991,SLP,Health Care,Small cap,"$870,307,136","119,369"
992,HSTM,Health Care,Small cap,"$798,195,263","165,529"
993,SHCR,Health Care,Small cap,"$774,208,802","600,115"
994,CNVY,Health Care,Small cap,"$769,270,737","1,743,565"
995,HCAT,Health Care,Small cap,"$664,089,924","550,623"
996,NUTX,Health Care,Small cap,"$643,440,475","2,291,698"
997,AMWL,Health Care,Small cap,"$548,010,071","1,617,644"
998,GDRX,Health Care,Small cap,"$538,221,586","2,185,369"
999,SLGC,Health Care,Small cap,"$410,935,497","971,253"
1000,CPSI,Health Care,Small cap,"$410,768,782","115,080"
1001,CMAX,Health Care,Small cap,"$323,977,819","1,673,672"
1002,SOPH,Health Care,Micro cap,"$283,901,992","271,104"
1003,NH,Health Care,Micro cap,"$273,854,078","5,156"
1004,HLTH,Health Care,Micro cap,"$272,508,340","283,882"
1005,OPRX,Health Care,Micro cap,"$239,914,361","702,024"
1007,BBLN,Health Care,Micro cap,"$164,329,571","50,226"
1008,TRHC,Health Care,Micro cap,"$138,652,606","108,177"
1009,SMFR,Health Care,Micro cap,"$118,227,253","4,716,424"
1010,FORA,Health Care,Micro cap,"$102,504,760","32,677"
1011,STRM,Health Care,Micro cap,"$97,033,669","60,921"
1013,AUGX,Health Care,Micro cap,"$58,002,872","28,972"
1014,MTBC,Health Care,Micro cap,"$47,639,251","66,971"
1015,UTRS,Health Care,Micro cap,"$39,876,836","270,441"
1016,SNCE,Health Care,Micro cap,"$35,404,036","2,210,405"
1017,PEAR,Health Care,Micro cap,"$34,812,128","2,314,904"
1018,ICAD,Health Care,Micro cap,"$32,427,437","111,501"
1019,UPH,Health Care,Micro cap,"$23,183,824","42,106"
1020,ZCMD,Health Care,Micro cap,"$22,968,401","5,562"
1021,BEAT,Health Care,Micro cap,"$19,498,165","67,916"
1022,HCTI,Health Care,Micro cap,"$17,819,451","410,066"
1023,ACON,Health Care,Micro cap,"$6,478,675","25,847"
1024,WORX,Health Care,Micro cap,"$4,189,352","21,595"
1025,UNH,Health Care,Large cap,"$438,353,946,746","3,298,476"
1027,CVS,Health Care,Large cap,"$92,931,161,341","8,785,145"
1028,CI,Health Care,Large cap,"$76,219,647,872","1,842,853"
1029,HUM,Health Care,Large cap,"$61,406,290,838","942,184"
1030,CNC,Health Care,Large cap,"$34,498,136,102","3,900,726"
1031,MOH,Health Care,Large cap,"$15,364,323,776","565,519"
1032,ALHC,Health Care,Small cap,"$1,146,164,873","1,480,890"
1033,MPLN,Health Care,Small cap,"$671,131,585","2,691,363"
1035,CLOV,Health Care,Small cap,"$348,985,264","10,192,397"
1038,HCA,Health Care,Large cap,"$70,081,642,967","1,253,283"
1039,FMS,Health Care,Large cap,"$11,890,116,077","1,183,357"
1040,AGL,Health Care,Large cap,"$11,732,571,762","2,850,694"
1041,UHS,Health Care,Mid cap,"$8,887,776,694","963,535"
1042,OSH,Health Care,Mid cap,"$8,708,337,373","3,456,628"
1043,CHE,Health Care,Mid cap,"$7,650,057,714","75,429"
1044,DVA,Health Care,Mid cap,"$6,801,696,000","771,621"
1045,ACHC,Health Care,Mid cap,"$6,340,886,935","1,072,156"
1046,THC,Health Care,Mid cap,"$5,641,439,466","1,564,174"
1047,OPCH,Health Care,Mid cap,"$5,638,869,464","2,296,269"
1048,EHC,Health Care,Mid cap,"$5,161,891,363","1,081,126"
1049,LHCG,Health Care,Mid cap,"$5,161,363,968","1,283,675"
1050,ENSG,Health Care,Mid cap,"$4,894,951,573","413,049"
1051,SGRY,Health Care,Mid cap,"$3,988,777,211","856,493"
1052,AMN,Health Care,Mid cap,"$3,396,192,521","765,750"
1053,SEM,Health Care,Mid cap,"$3,113,275,310","640,910"
1054,LFST,Health Care,Mid cap,"$2,660,936,381","1,064,363"
1055,AMED,Health Care,Mid cap,"$2,271,706,514","486,947"
1056,AMEH,Health Care,Mid cap,"$2,211,258,742","276,588"
1057,ADUS,Health Care,Small cap,"$1,608,099,548","154,171"
1058,TVTY,Health Care,Small cap,"$1,607,078,912","1,434,702"
1059,USPH,Health Care,Small cap,"$1,198,132,586","111,884"
1060,MODV,Health Care,Small cap,"$1,161,920,049","124,827"
1061,MD,Health Care,Small cap,"$1,155,818,706","860,626"
1063,DCGO,Health Care,Small cap,"$894,896,481","1,003,108"
1064,NHC,Health Care,Small cap,"$860,208,892","169,923"
1065,INNV,Health Care,Small cap,"$824,425,048","35,682"
1066,HNGR,Health Care,Small cap,"$732,387,540","2,345,661"
1067,CYH,Health Care,Small cap,"$623,679,534","2,232,329"
1068,BKD,Health Care,Small cap,"$439,923,154","2,081,441"
1069,CMPS,Health Care,Small cap,"$429,728,484","265,701"
1070,PNTG,Health Care,Small cap,"$369,538,162","995,000"
1071,SMTI,Health Care,Small cap,"$325,523,730","18,288"
1072,CANO,Health Care,Micro cap,"$290,592,110","8,368,351"
1073,AIRS,Health Care,Micro cap,"$267,110,035","289,122"
1074,JYNT,Health Care,Micro cap,"$238,577,329","145,301"
1075,AVAH,Health Care,Micro cap,"$187,717,757","408,471"
1076,TALK,Health Care,Micro cap,"$116,780,921","232,389"
1077,IONM,Health Care,Micro cap,"$78,832,320","346,470"
1078,SNDA,Health Care,Micro cap,"$70,830,563","2,105"
1079,ATIP,Health Care,Micro cap,"$66,342,225","331,279"
1080,TOI,Health Care,Micro cap,"$60,110,920","368,961"
1081,ICCM,Health Care,Micro cap,"$50,413,895","99,078"
1082,FTRP,Health Care,Micro cap,"$49,022,656","164,423"
1084,AIH,Health Care,Micro cap,"$40,224,400","4,838"
1085,ALR,Health Care,Micro cap,"$39,386,592","236,551"
1086,PIII,Health Care,Micro cap,"$35,188,215","314,651"
1087,CCM,Health Care,Micro cap,"$30,970,037","1,709"
1089,IMAC,Health Care,Micro cap,"$26,750,019","263,413"
1090,CCEL,Health Care,Micro cap,"$26,353,278","19,069"
1091,SLHG,Health Care,Micro cap,"$26,143,714","127,279"
1092,AMS,Health Care,Micro cap,"$17,351,460","36,646"
1093,NVOS,Health Care,Micro cap,"$16,033,455","48,751,981"
1094,GBNH,Health Care,Micro cap,"$14,718,273","29,429"
1095,OTRK,Health Care,Micro cap,"$12,822,063","344,163"
1096,SSY,Health Care,Micro cap,"$7,488,657","13,161"
1097,RHE,Health Care,Micro cap,"$6,174,484","12,767"
1098,ABT,Health Care,Large cap,"$168,650,302,450","5,660,540"
1099,SYK,Health Care,Large cap,"$103,905,834,976","1,345,688"
1100,MDT,Health Care,Large cap,"$103,200,967,030","6,349,829"
1101,BSX,Health Care,Large cap,"$68,905,505,471","7,773,188"
1102,EW,Health Care,Large cap,"$48,215,275,206","4,294,330"
1103,ZBH,Health Care,Large cap,"$26,114,172,790","1,305,226"
1104,ALGN,Health Care,Large cap,"$23,862,582,162","925,573"
1105,PODD,Health Care,Large cap,"$21,661,717,633","791,073"
1106,BIO,Health Care,Large cap,"$13,544,591,575","198,985"
1107,BIO.B,Health Care,Large cap,"$13,544,591,575",238
1108,SNN,Health Care,Large cap,"$12,261,955,025","1,113,373"
1109,BRKR,Health Care,Large cap,"$10,982,779,272","976,907"
1110,ABMD,Health Care,Large cap,"$10,737,233,920","20,612,257"
1111,PEN,Health Care,Large cap,"$10,606,868,944","353,988"
1112,SWAV,Health Care,Mid cap,"$7,694,687,395","481,562"
1113,INSP,Health Care,Mid cap,"$6,852,347,285","328,125"
1114,GMED,Health Care,Mid cap,"$5,247,033,849","1,476,008"
1115,IART,Health Care,Mid cap,"$4,425,491,138","604,225"
1116,NARI,Health Care,Mid cap,"$3,351,696,946","1,004,524"
1117,CNMD,Health Care,Mid cap,"$2,939,535,931","413,863"
1118,AXNX,Health Care,Mid cap,"$2,762,987,135","813,623"
1119,TNDM,Health Care,Mid cap,"$2,692,755,902","2,388,483"
1120,INMD,Health Care,Mid cap,"$2,526,186,586","1,378,001"
1121,ITGR,Health Care,Mid cap,"$2,508,993,793","446,045"
1122,TMDX,Health Care,Mid cap,"$2,376,402,924","493,758"
1123,LIVN,Health Care,Mid cap,"$2,274,888,435","763,223"
1124,NUVA,Health Care,Small cap,"$1,921,191,900","1,153,081"
1125,AHCO,Health Care,Small cap,"$1,852,970,528","2,598,929"
1126,ATEC,Health Care,Small cap,"$1,726,648,359","1,340,424"
1127,ESTA,Health Care,Small cap,"$1,690,955,433","178,151"
1128,SILK,Health Care,Small cap,"$1,486,941,925","715,088"
1129,FNA,Health Care,Small cap,"$1,484,712,424","407,244"
1130,TMCI,Health Care,Small cap,"$1,472,638,166","553,517"
1131,AVNS,Health Care,Small cap,"$1,304,449,543","329,485"
1132,PRCT,Health Care,Small cap,"$1,287,649,206","381,966"
1133,CTKB,Health Care,Small cap,"$1,185,017,960","957,931"
1134,NTUS,Health Care,Small cap,"$1,129,895,168","132,698"
1135,NVRO,Health Care,Small cap,"$1,095,194,340","544,227"
1136,KIDS,Health Care,Small cap,"$952,158,599","155,277"
1137,OM,Health Care,Small cap,"$916,322,192","663,582"
1138,CSII,Health Care,Small cap,"$829,528,204","783,981"
1139,VREX,Health Care,Small cap,"$699,344,000","289,014"
1140,SIBN,Health Care,Small cap,"$674,523,139","423,777"
1141,VRAY,Health Care,Small cap,"$610,865,946","1,502,527"
1142,OFIX,Health Care,Small cap,"$563,238,464","400,842"
1143,RXST,Health Care,Small cap,"$542,100,274","246,925"
1144,CUTR,Health Care,Small cap,"$503,921,630","1,010,691"
1145,AORT,Health Care,Small cap,"$476,538,053","187,935"
1146,IRMD,Health Care,Small cap,"$473,506,012","40,319"
1147,APEN,Health Care,Small cap,"$470,736,734","1,143,995"
1148,ZYXI,Health Care,Small cap,"$443,137,573","382,678"
1149,SGHT,Health Care,Small cap,"$434,323,292","176,440"
1150,LUNG,Health Care,Small cap,"$427,310,384","767,418"
1151,MDXG,Health Care,Small cap,"$403,854,160","615,755"
1152,EDAP,Health Care,Small cap,"$403,094,692","73,964"
1153,VMD,Health Care,Small cap,"$401,953,534","149,723"
1154,QTRX,Health Care,Small cap,"$398,932,560","357,673"
1155,AXGN,Health Care,Small cap,"$373,192,802","302,159"
1156,BFLY,Health Care,Small cap,"$337,830,607","1,724,777"
1157,RCEL,Health Care,Small cap,"$325,560,627","193,202"
1158,TCMD,Health Care,Small cap,"$322,192,630","379,241"
1159,NNOX,Health Care,Small cap,"$309,878,380","521,089"
1160,SPNE,Health Care,Small cap,"$304,705,632","484,366"
1161,INGN,Health Care,Micro cap,"$291,713,590","374,747"
1162,ARAY,Health Care,Micro cap,"$265,475,347","320,508"
1164,QIPT,Health Care,Micro cap,"$225,953,721","102,205"
1165,CLPT,Health Care,Micro cap,"$193,182,879","85,282"
1166,TELA,Health Care,Micro cap,"$191,783,041","36,218"
1167,CVRX,Health Care,Micro cap,"$190,972,863","187,892"
1168,XAIR,Health Care,Micro cap,"$189,274,321","333,280"
1169,PROF,Health Care,Micro cap,"$186,082,820","27,310"
1170,SMLR,Health Care,Micro cap,"$175,992,505","37,265"
1171,ZIMV,Health Care,Micro cap,"$163,712,971","2,315,296"
1172,EYES,Health Care,Micro cap,"$163,153,989","144,265"
1173,ASXC,Health Care,Micro cap,"$159,838,870","1,305,696"
1174,RBOT,Health Care,Micro cap,"$159,498,260","565,728"
1175,SIEN,Health Care,Micro cap,"$149,473,945","71,681"
1176,CTSO,Health Care,Micro cap,"$144,961,190","57,302"
1177,FONR,Health Care,Micro cap,"$101,602,820","7,898"
1178,EAR,Health Care,Micro cap,"$99,489,283","73,446"
1179,APYX,Health Care,Micro cap,"$99,295,749","295,158"
1180,NAOV,Health Care,Micro cap,"$99,112,187","16,463"
1181,NPCE,Health Care,Micro cap,"$98,639,270","31,608"
1182,SONX,Health Care,Micro cap,"$91,050,390","238,377"
1183,ELMD,Health Care,Micro cap,"$85,397,065","18,378"
1184,SRTS,Health Care,Micro cap,"$82,396,041","265,049"
1185,NVCN,Health Care,Micro cap,"$79,655,297","38,515"
1186,ISO,Health Care,Micro cap,"$74,249,912","31,760"
1187,XTNT,Health Care,Micro cap,"$73,113,478","95,676"
1188,HYPR,Health Care,Micro cap,"$70,548,753","532,784"
1189,BSGM,Health Care,Micro cap,"$64,946,993","352,549"
1190,LUCD,Health Care,Micro cap,"$60,317,265","103,338"
1191,SDC,Health Care,Micro cap,"$54,134,448","1,558,892"
1192,TMDI,Health Care,Micro cap,"$50,597,368","852,194"
1194,DCTH,Health Care,Micro cap,"$46,917,487","17,876"
1195,NVNO,Health Care,Micro cap,"$46,412,800","22,032"
1196,RPID,Health Care,Micro cap,"$45,427,534","78,835"
1197,MDGS,Health Care,Micro cap,"$42,360,709","6,781"
1198,OWLT,Health Care,Micro cap,"$39,451,816","1,064,051"
1199,DNAY,Health Care,Micro cap,"$38,378,284","19,956"
1200,RWLK,Health Care,Micro cap,"$38,364,685","245,122"
1201,PAVM,Health Care,Micro cap,"$35,234,287","359,691"
1202,SSKN,Health Care,Micro cap,"$33,681,355","11,489"
1203,IRIX,Health Care,Micro cap,"$33,454,966","16,508"
1204,PETV,Health Care,Micro cap,"$31,832,956","56,408"
1205,VAPO,Health Care,Micro cap,"$28,177,678","122,619"
1206,LNSR,Health Care,Micro cap,"$25,091,901","16,293"
1207,IVC,Health Care,Micro cap,"$24,910,310","110,098"
1208,NMTC,Health Care,Micro cap,"$24,873,198","273,662"
1209,BTCY,Health Care,Micro cap,"$24,610,175","47,280"
1210,AFIB,Health Care,Micro cap,"$23,040,630","158,552"
1211,TNON,Health Care,Micro cap,"$21,940,033","74,749"
1212,NMRD,Health Care,Micro cap,"$21,096,563","33,937"
1213,MODD,Health Care,Micro cap,"$19,896,418","2,805"
1214,VERO,Health Care,Micro cap,"$14,405,689","342,435"
1215,TLIS,Health Care,Micro cap,"$13,570,479","71,746"
1216,AZYO,Health Care,Micro cap,"$13,245,350","338,653"
1217,STRR,Health Care,Micro cap,"$12,711,904","36,104"
1218,MYO,Health Care,Micro cap,"$12,553,027","975,590"
1219,SRGA,Health Care,Micro cap,"$11,553,439","53,041"
1220,IINN,Health Care,Micro cap,"$9,581,463","19,454"
1221,CFMS,Health Care,Micro cap,"$9,219,709","65,725"
1222,BJDX,Health Care,Micro cap,"$9,206,576","34,249"
1223,NSPR,Health Care,Micro cap,"$9,085,811","11,727"
1224,AEMD,Health Care,Micro cap,"$8,523,925","115,867"
1225,VVOS,Health Care,Micro cap,"$8,456,597","1,019,210"
1226,AVGR,Health Care,Micro cap,"$8,243,209","65,281"
1227,AHPI,Health Care,Micro cap,"$8,027,080","6,572"
1228,INVO,Health Care,Micro cap,"$7,997,936","124,424"
1229,GBS,Health Care,Micro cap,"$7,045,903","11,030"
1230,HSDT,Health Care,Micro cap,"$6,894,857","250,581"
1231,DYNT,Health Care,Micro cap,"$6,387,597","5,878"
1232,NUWE,Health Care,Micro cap,"$5,793,274","111,554"
1233,TIVC,Health Care,Micro cap,"$5,104,570","1,078,079"
1234,THMO,Health Care,Micro cap,"$4,065,581","5,894,172"
1235,RMED,Health Care,Micro cap,"$4,010,796","117,345"
1236,BIOL,Health Care,Micro cap,"$2,818,134","271,664"
1237,BBLG,Health Care,Micro cap,"$2,442,737","78,220"
1238,RSLS,Health Care,Micro cap,"$1,630,282","145,427"
1239,SINT,Health Care,Micro cap,"$1,208,986","1,932,447"
1240,VIVE,Health Care,Micro cap,"$660,590","38,311"
1241,MCK,Health Care,Large cap,"$45,988,300,603","1,125,274"
1242,ABC,Health Care,Large cap,"$30,526,828,315","1,277,669"
1243,CAH,Health Care,Large cap,"$17,779,671,462","2,641,095"
1244,HSIC,Health Care,Large cap,"$10,257,181,027","896,062"
1245,PBH,Health Care,Mid cap,"$3,029,953,995","365,667"
1246,PDCO,Health Care,Mid cap,"$2,580,468,280","936,804"
1247,OMI,Health Care,Small cap,"$923,740,422","1,790,398"
1248,GEG,Health Care,Micro cap,"$64,865,589","14,691"
1249,ISRG,Health Care,Large cap,"$85,627,330,501","1,563,053"
1250,BDX,Health Care,Large cap,"$67,108,670,136","1,023,860"
1251,ALC,Health Care,Large cap,"$33,429,930,000","1,326,706"
1252,RMD,Health Care,Large cap,"$30,937,653,284","684,711"
1253,WST,Health Care,Large cap,"$24,646,478,925","583,105"
1254,HOLX,Health Care,Large cap,"$19,361,652,072","1,609,957"
1255,BAX,Health Care,Large cap,"$19,238,102,968","6,258,672"
1256,STE,Health Care,Large cap,"$18,012,183,649","624,352"
1257,COO,Health Care,Large cap,"$17,060,225,853","386,530"
1258,TFX,Health Care,Large cap,"$11,329,502,368","440,841"
1259,MASI,Health Care,Mid cap,"$9,174,830,898","383,746"
1260,RGEN,Health Care,Mid cap,"$9,036,698,499","622,210"
1261,XRAY,Health Care,Mid cap,"$7,916,703,775","2,668,212"
1262,NVST,Health Care,Mid cap,"$6,165,253,831","1,885,422"
1263,NVCR,Health Care,Mid cap,"$5,991,435,654","799,907"
1264,BLCO,Health Care,Mid cap,"$5,547,514,788","336,235"
1265,MMSI,Health Care,Mid cap,"$4,064,994,829","381,921"
1266,HAE,Health Care,Mid cap,"$3,838,047,474","356,520"
1267,ICUI,Health Care,Mid cap,"$3,686,131,507","209,442"
1268,IRTC,Health Care,Mid cap,"$3,602,686,945","424,154"
1269,STAA,Health Care,Mid cap,"$3,062,045,022","683,485"
1270,GKOS,Health Care,Mid cap,"$2,308,220,653","507,915"
1271,ATRC,Health Care,Small cap,"$1,768,654,311","382,827"
1272,ATRI,Health Care,Small cap,"$1,131,309,246","8,064"
1273,LMAT,Health Care,Small cap,"$1,105,528,119","119,653"
1274,ATRS,Health Care,Small cap,"$953,354,176","2,705,014"
1276,BLFS,Health Care,Small cap,"$920,324,191","330,507"
1277,ANGO,Health Care,Small cap,"$472,349,118","460,490"
1278,OSUR,Health Care,Small cap,"$421,157,640","687,958"
1279,UTMD,Health Care,Small cap,"$327,643,297","19,824"
1280,AKYA,Health Care,Micro cap,"$294,849,357","202,065"
1281,IIN,Health Care,Micro cap,"$225,395,216","94,327"
1282,MHUA,Health Care,Micro cap,"$194,000,000","33,216"
1283,KRMD,Health Care,Micro cap,"$183,442,231","25,482"
1284,NYXH,Health Care,Micro cap,"$180,148,565","35,255"
1285,INFU,Health Care,Micro cap,"$154,817,263","50,776"
1286,ZTEK,Health Care,Micro cap,"$150,296,313","35,060"
1287,STXS,Health Care,Micro cap,"$141,085,510","206,318"
1288,HBIO,Health Care,Micro cap,"$134,164,337","79,339"
1289,PLSE,Health Care,Micro cap,"$111,684,600","39,807"
1290,OMIC,Health Care,Micro cap,"$84,890,487","198,685"
1291,MLSS,Health Care,Micro cap,"$62,821,415","160,320"
1292,PDEX,Health Care,Micro cap,"$60,245,365","4,328"
1293,RVP,Health Care,Micro cap,"$57,636,735","37,723"
1294,ISR,Health Care,Micro cap,"$54,571,302","206,179"
1295,POAI,Health Care,Micro cap,"$23,630,599","403,279"
1296,ECOR,Health Care,Micro cap,"$20,297,686","21,210"
1297,EKSO,Health Care,Micro cap,"$19,319,354","26,162"
1298,MBOT,Health Care,Micro cap,"$16,633,031","24,696"
1299,STSS,Health Care,Micro cap,"$14,919,598","59,429"
1300,FEMY,Health Care,Micro cap,"$14,176,332","30,744"
1301,NURO,Health Care,Micro cap,"$11,297,730","17,334"
1303,NXGL,Health Care,Micro cap,"$9,194,186","21,689"
1304,GCTK,Health Care,Micro cap,"$6,403,000","39,826"
1306,STVN,Health Care,Mid cap,"$6,803,331,629","321,949"
1310,HITI,Health Care,Micro cap,"$78,475,890","256,863"
