,Unnamed: 0,Symbol,GICS sector,Category3,Market Cap,Average Volume,Return from 2017-2019 (Pre-Covid),Return from 2020-2022 (Post-Covid)
0,0,NVO,Health Care,Large cap,"$260,652,723,120","1,565,762",59.34308659025971,
1,1,REGN,Health Care,Large cap,"$86,238,124,754","637,527",0.7712263772472706,
2,2,VRTX,Health Care,Large cap,"$78,348,616,645","1,110,826",194.1958891883495,
3,3,SGEN,Health Care,Large cap,"$37,002,973,603","1,468,401",114.2160575289547,
4,4,BNTX,Health Care,Large cap,"$31,469,610,717","637,153",111.57575665098248,
5,5,GMAB,Health Care,Large cap,"$24,326,628,122","525,408",31.531962392924488,
6,6,ALNY,Health Care,Large cap,"$23,645,711,904","855,165",200.62909005025,
7,7,BGNE,Health Care,Large cap,"$22,847,121,675","277,594",443.2227541860238,
8,8,ARGX,Health Care,Large cap,"$19,961,795,705","325,555",803.9106508374487,
9,9,BMRN,Health Care,Large cap,"$16,808,108,726","1,644,346",1.5486113311800063,
10,10,INCY,Health Care,Large cap,"$16,111,452,201","1,478,734",-12.942452458854149,
11,11,RPRX,Health Care,Large cap,"$15,422,177,844","2,484,707",,
12,12,TECH,Health Care,Large cap,"$11,311,232,384","909,753",110.59461767875344,
13,13,SRPT,Health Care,Large cap,"$11,295,114,396","2,491,445",354.2856844909011,
14,14,UTHR,Health Care,Large cap,"$10,002,083,729","909,254",-39.69608201038258,
15,15,NBIX,Health Care,Mid cap,"$9,242,497,204","752,748",176.2567701286494,
16,16,JAZZ,Health Care,Mid cap,"$8,704,905,054","713,988",35.13635808771307,
17,17,APLS,Health Care,Mid cap,"$7,035,797,991","1,929,468",103.51724295780576,
18,18,LEGN,Health Care,Mid cap,"$6,763,595,835","600,670",,
19,19,KRTX,Health Care,Mid cap,"$6,083,607,111","444,772",285.94595419394005,
20,20,ASND,Health Care,Mid cap,"$6,028,995,600","212,727",580.8713364841041,
21,21,EXEL,Health Care,Mid cap,"$5,940,520,887","4,200,049",17.040943933463012,
22,22,ROIV,Health Care,Mid cap,"$5,301,407,177","3,932,635",,
23,23,RXDX,Health Care,Mid cap,"$5,084,320,149","551,584",,
24,24,IONS,Health Care,Mid cap,"$4,806,113,245","899,980",25.53102499929497,
25,25,HALO,Health Care,Mid cap,"$4,559,155,912","2,586,399",76.70961005023378,
26,26,ITCI,Health Care,Mid cap,"$4,372,399,338","800,578",119.140628904764,
27,27,ALKS,Health Care,Mid cap,"$4,233,019,917","1,274,236",-63.66426244345262,
28,28,MDGL,Health Care,Mid cap,"$4,207,293,264","539,859",502.67558276677954,
29,29,CERT,Health Care,Mid cap,"$3,728,136,808","1,384,125",,
30,30,CERE,Health Care,Mid cap,"$3,670,465,731","962,204",,
31,31,PTCT,Health Care,Mid cap,"$3,444,952,770","844,074",329.92764405978625,
32,32,CRSP,Health Care,Mid cap,"$3,392,817,732","952,785",194.47619120279947,
33,33,NTLA,Health Care,Mid cap,"$3,272,506,972","1,495,404",11.969696564669993,
34,34,ISEE,Health Care,Mid cap,"$3,251,170,634","2,294,184",66.8041301374166,
35,35,CYTK,Health Care,Mid cap,"$3,200,277,579","1,395,454",-16.585365286332955,
36,36,FOLD,Health Care,Mid cap,"$3,166,405,066","2,595,779",87.59842275782341,
37,37,DNLI,Health Care,Mid cap,"$3,131,284,870","984,626",-19.860783901729146,
38,38,ZLAB,Health Care,Mid cap,"$3,080,207,702","833,281",66.68040482039304,
39,39,PCVX,Health Care,Mid cap,"$3,031,677,579","811,683",,
40,40,ABCM,Health Care,Mid cap,"$3,024,594,956","759,963",,
41,41,VIR,Health Care,Mid cap,"$2,972,408,497","1,345,327",-24.953559307501337,
42,42,ACAD,Health Care,Mid cap,"$2,972,056,971","2,434,084",48.1634091687227,
43,43,RETA,Health Care,Mid cap,"$2,823,237,040","2,174,341",833.835607621626,
44,44,AXSM,Health Care,Mid cap,"$2,698,458,227","1,033,635",1383.2857404436384,
45,45,MYOV,Health Care,Mid cap,"$2,620,491,766","2,033,150",,
46,46,BPMC,Health Care,Mid cap,"$2,615,881,874","699,213",184.8217531193364,
47,47,RVNC,Health Care,Mid cap,"$2,604,060,000","1,512,207",-23.014351931747218,
48,48,RARE,Health Care,Mid cap,"$2,597,315,326","554,666",-40.19333108805239,
49,49,ARWR,Health Care,Mid cap,"$2,564,784,660","1,425,556",4015.384570710521,
50,50,SAGE,Health Care,Mid cap,"$2,535,012,460","571,905",37.752539265616846,
51,51,PRTA,Health Care,Mid cap,"$2,526,772,342","483,776",-68.50409316181036,
52,52,HRMY,Health Care,Mid cap,"$2,492,146,556","586,110",,
53,53,GLPG,Health Care,Mid cap,"$2,478,048,634","502,331",222.51083042561947,
54,54,HCM,Health Care,Mid cap,"$2,455,961,000","331,024",82.74648670070926,
55,55,CORT,Health Care,Mid cap,"$2,277,754,561","1,142,595",65.43210538716103,
56,56,MRTX,Health Care,Mid cap,"$2,250,126,669","985,251",2548.041138168043,
57,57,INSM,Health Care,Mid cap,"$2,238,412,072","1,270,593",74.46016212036946,
58,58,BEAM,Health Care,Mid cap,"$2,196,544,125","1,147,830",,
59,59,TGTX,Health Care,Mid cap,"$2,182,274,224","4,027,153",126.04166563186385,
60,60,IMCR,Health Care,Mid cap,"$2,145,583,137","202,617",,
61,61,XENE,Health Care,Mid cap,"$2,142,661,314","484,349",70.32257818406627,
62,62,ABCL,Health Care,Mid cap,"$2,102,986,115","1,717,617",,
63,63,PRVB,Health Care,Mid cap,"$2,077,753,595","2,081,768",,
64,64,VTYX,Health Care,Mid cap,"$2,067,833,592","905,523",,
65,65,BBIO,Health Care,Mid cap,"$2,055,645,938","2,617,001",15.779150343185663,
66,66,IMVT,Health Care,Mid cap,"$2,034,432,133","1,031,817",58.894479624963495,
67,67,AMLX,Health Care,Small cap,"$1,937,443,908","958,260",,
68,69,KRYS,Health Care,Small cap,"$1,912,442,643","256,172",448.8571530296689,
69,70,RVMD,Health Care,Small cap,"$1,910,279,703","2,726,229",,
70,71,RLAY,Health Care,Small cap,"$1,879,035,450","1,117,620",,
71,72,AKRO,Health Care,Small cap,"$1,871,324,202","629,674",68.75000442608753,
72,73,TPTX,Health Care,Small cap,"$1,824,739,968","527,248",,
73,74,MRVI,Health Care,Small cap,"$1,810,730,091","1,495,038",,
74,75,GBT,Health Care,Small cap,"$1,779,133,824","3,279,961",,
75,76,FGEN,Health Care,Small cap,"$1,758,395,023","1,318,436",101.90697603447492,
76,77,CPRX,Health Care,Small cap,"$1,692,583,408","2,189,993",252.88463566430295,
77,78,XNCR,Health Care,Small cap,"$1,663,433,406","442,319",27.401876003942757,
78,79,CLDX,Health Care,Small cap,"$1,656,972,334","591,048",-95.86854451139209,
79,80,SWTX,Health Care,Small cap,"$1,626,218,360","1,041,050",51.14285216039541,
80,81,VCYT,Health Care,Small cap,"$1,595,949,948","827,278",265.8064565350932,
81,82,KYMR,Health Care,Small cap,"$1,594,807,312","420,230",,
82,83,CCXI,Health Care,Small cap,"$1,569,814,400","2,480,366",,
83,84,PLRX,Health Care,Small cap,"$1,535,378,325","403,119",,
84,85,BCRX,Health Care,Small cap,"$1,530,223,232","3,783,349",-50.07751746000297,
85,86,MORF,Health Care,Small cap,"$1,487,669,613","521,823",-1.8333329094780817,
86,87,SNDX,Health Care,Small cap,"$1,475,621,852","1,074,786",22.91667522103721,
87,88,KDNY,Health Care,Small cap,"$1,465,735,433","651,711",-89.69697002724652,
88,89,CVAC,Health Care,Small cap,"$1,449,537,582","658,257",,
89,90,NUVL,Health Care,Small cap,"$1,428,880,937","249,089",,
90,91,RNA,Health Care,Small cap,"$1,411,202,902","1,202,247",,
91,92,ARVN,Health Care,Small cap,"$1,403,171,073","439,517",101.33332752046131,
92,93,VCEL,Health Care,Small cap,"$1,364,564,792","486,248",465.5737793339867,
93,94,RCKT,Health Care,Small cap,"$1,348,911,920","1,086,711",162.72727656955553,
94,95,SRRA,Health Care,Small cap,"$1,336,962,176","858,299",,
95,96,AUPH,Health Care,Small cap,"$1,324,537,441","3,143,392",845.7943354645057,
96,97,TVTX,Health Care,Small cap,"$1,319,502,896","1,506,586",-25.678497471170267,
97,98,IOVA,Health Care,Small cap,"$1,289,373,572","3,257,672",288.59155666447435,
98,99,DICE,Health Care,Small cap,"$1,278,658,096","488,208",,
99,100,DVAX,Health Care,Small cap,"$1,248,775,251","2,469,616",39.750003814697266,
100,101,RXRX,Health Care,Small cap,"$1,241,912,360","1,193,272",,
101,102,ACLX,Health Care,Small cap,"$1,239,646,469","460,342",,
102,103,AGIO,Health Care,Small cap,"$1,215,169,202","647,397",13.086534442416916,
103,104,DAWN,Health Care,Small cap,"$1,208,300,083","525,908",,
104,105,KROS,Health Care,Small cap,"$1,197,636,446","348,436",,
105,106,RCUS,Health Care,Small cap,"$1,194,465,277","1,308,660",-50.74999809265137,
106,107,SMMT,Health Care,Small cap,"$1,186,065,121","4,126,255",-82.20902598366068,
107,108,LGND,Health Care,Small cap,"$1,174,191,004","144,230",1.3547794788147038,
108,109,GERN,Health Care,Small cap,"$1,159,887,268","7,330,319",-35.71428165954779,
109,110,DCPH,Health Care,Small cap,"$1,123,260,330","1,077,939",210.26920905026492,
110,111,ADPT,Health Care,Small cap,"$1,122,897,775","702,536",-25.78825427183039,
111,112,REPL,Health Care,Small cap,"$1,103,072,344","855,754",-8.312499523162842,
112,113,CDMO,Health Care,Small cap,"$1,096,449,892","966,474",264.055291134345,
113,114,VRDN,Health Care,Small cap,"$1,093,897,751","653,956",-91.34230658324135,
114,115,PTGX,Health Care,Small cap,"$1,077,291,238","4,339,029",-67.83468205843873,
115,116,MNKD,Health Care,Small cap,"$1,066,251,853","3,377,833",-60.89552298291115,
116,117,ZNTL,Health Care,Small cap,"$1,059,431,142","563,785",,
117,118,VRNA,Health Care,Small cap,"$1,028,591,230","513,805",-55.70370356241862,
118,119,SAVA,Health Care,Small cap,"$999,898,968","756,413",50.73891556188624,
119,120,RYTM,Health Care,Small cap,"$976,058,324","841,137",-9.74460265320056,
120,121,BLU,Health Care,Small cap,"$958,126,565","578,652",892.064766679447,
121,122,ORTX,Health Care,Small cap,"$942,000,635","122,682",-16.58823349896599,
122,123,QURE,Health Care,Small cap,"$937,300,576","658,949",1171.6312574204615,
123,124,BHVN,Health Care,Small cap,"$913,357,119","1,100,063",,
124,125,INBX,Health Care,Small cap,"$904,120,245","485,726",,
125,126,MRUS,Health Care,Small cap,"$893,460,350","282,200",-31.094413126141585,
126,127,VERV,Health Care,Small cap,"$887,307,353","1,029,229",,
127,128,ETNB,Health Care,Small cap,"$884,786,720","2,114,819",35.55000305175781,
128,129,EQRX,Health Care,Small cap,"$879,484,819","4,108,069",,
129,130,MIRM,Health Care,Small cap,"$875,528,832","306,281",91.92308279184195,
130,131,RGNX,Health Care,Small cap,"$866,665,281","488,371",115.43766466059465,
131,132,MLTX,Health Care,Small cap,"$866,482,512","303,208",,
132,133,GMTX,Health Care,Small cap,"$861,800,185","63,882",,
133,134,CRNX,Health Care,Small cap,"$845,291,003","582,477",23.168826412844968,
134,135,IMGN,Health Care,Small cap,"$843,151,983","3,391,618",145.4106322480834,
135,136,EXAI,Health Care,Small cap,"$840,161,363","134,687",,
136,137,KURA,Health Care,Small cap,"$839,741,328","588,267",137.62712256177608,
137,138,ARDX,Health Care,Small cap,"$838,360,216","9,517,700",-48.041959935408904,
138,139,ENTA,Health Care,Small cap,"$827,102,747","397,901",82.50296170731906,
139,140,PRTC,Health Care,Small cap,"$780,566,001","1,126",,
140,141,INVA,Health Care,Small cap,"$762,330,936","1,018,487",31.662021378596823,
141,142,CBAY,Health Care,Small cap,"$757,895,514","1,801,480",9.497211168538763,
142,143,VALN,Health Care,Small cap,"$754,163,909","3,367",,
143,144,PHAR,Health Care,Small cap,"$739,711,019","10,898",,
144,145,ALLO,Health Care,Small cap,"$729,711,784","2,245,044",17.999995838512074,
145,146,VKTX,Health Care,Small cap,"$723,803,023","3,119,605",560.8332927690628,
146,147,MCRB,Health Care,Small cap,"$714,853,137","1,349,429",-63.66336695365653,
147,148,PNT,Health Care,Small cap,"$711,530,740","643,976",,
148,149,COGT,Health Care,Small cap,"$702,265,772","816,758",-93.9659575198559,
149,150,IDYA,Health Care,Small cap,"$689,517,914","355,978",-43.64285809653146,
150,151,AVXL,Health Care,Small cap,"$677,318,932","1,061,113",-41.00000262260437,
151,152,BLTE,Health Care,Small cap,"$669,282,647","6,303",,
152,153,ARQT,Health Care,Small cap,"$659,695,018","1,269,932",,
153,154,TYRA,Health Care,Small cap,"$655,639,522","67,182",,
154,155,TBPH,Health Care,Small cap,"$653,436,690","600,579",-20.055713940456958,
155,156,CINC,Health Care,Small cap,"$645,216,384","6,349,776",,
156,157,SVA,Health Care,Small cap,"$643,779,512",0,9.661011620521357,
157,158,BIOR,Health Care,Small cap,"$642,731,377","132,142",,
158,159,IBRX,Health Care,Small cap,"$636,319,951","6,156,202",-33.101044123887284,
159,160,DYN,Health Care,Small cap,"$629,861,233","378,777",,
160,161,SANA,Health Care,Small cap,"$621,923,842","1,212,230",,
161,162,RAPT,Health Care,Small cap,"$618,539,807","578,524",116.97959121392698,
162,163,SRNE,Health Care,Small cap,"$618,424,128","176,993,285",,
163,164,ADMA,Health Care,Small cap,"$611,977,428","2,948,349",-23.58674485680478,
164,165,ANAB,Health Care,Small cap,"$604,148,136","263,255",-0.3125011920928955,
165,166,HLVX,Health Care,Small cap,"$602,912,686","52,452",,
166,167,FDMT,Health Care,Small cap,"$579,274,843","869,683",,
167,168,ICPT,Health Care,Small cap,"$570,463,943","908,677",13.811546637822312,
168,169,CTIC,Health Care,Small cap,"$566,894,336","3,532,175",-61.7577197216902,
169,170,ACRS,Health Care,Small cap,"$543,547,657","926,279",-93.1275263958554,
170,171,MOR,Health Care,Small cap,"$539,495,422","73,857",37.00305948638368,
171,172,TRDA,Health Care,Small cap,"$535,837,016","47,854",,
172,173,ALDX,Health Care,Small cap,"$530,701,731","524,191",11.214951688373453,
173,174,BTAI,Health Care,Small cap,"$529,424,032","876,948",-5.535395508280697,
174,175,AVTE,Health Care,Small cap,"$528,973,216","89,689",,
175,176,ADGI,Health Care,Small cap,"$525,651,436","536,354",,
176,177,ZYME,Health Care,Small cap,"$524,498,141","755,256",232.22221091941552,
177,178,CNCE,Health Care,Small cap,"$520,711,745","2,610,086",,
178,179,IMTX,Health Care,Small cap,"$516,762,149","212,362",207899.9970197677,
179,180,FATE,Health Care,Small cap,"$513,386,334","6,646,021",641.7625053061838,
180,181,EDIT,Health Care,Small cap,"$511,758,795","1,414,436",78.89630327144417,
181,182,ZEAL,Health Care,Small cap,"$510,518,976","2,157",,
182,183,VECT,Health Care,Small cap,"$508,802,277","13,102",,
183,184,LYEL,Health Care,Small cap,"$506,706,771","1,214,589",,
184,185,CERS,Health Care,Small cap,"$500,882,399","2,474,105",-5.057466552064973,
185,186,NVAX,Health Care,Small cap,"$496,357,891","8,021,440",-84.37500023283064,
186,187,ALEC,Health Care,Small cap,"$493,185,785","689,795",-9.786095449433537,
187,188,AGEN,Health Care,Small cap,"$492,119,647","6,355,801",-4.066975912640822,
188,189,ABUS,Health Care,Small cap,"$481,210,127","1,193,830",11.428570038375659,
189,190,JANX,Health Care,Small cap,"$472,298,126","84,475",,
190,191,IMGO,Health Care,Small cap,"$471,626,464","139,341",,
191,192,CHRS,Health Care,Small cap,"$469,697,755","1,507,101",-38.5639180937042,
192,193,ITOS,Health Care,Small cap,"$469,366,069","298,172",,
193,194,IGMS,Health Care,Small cap,"$468,549,138","132,507",132.00437346408168,
194,195,BMEA,Health Care,Small cap,"$464,460,687","162,023",,
195,196,MESO,Health Care,Small cap,"$464,386,369","204,750",36.44860412826902,
196,197,MRSN,Health Care,Small cap,"$452,629,250","1,536,127",-63.98480443748362,
197,198,ALBO,Health Care,Small cap,"$452,408,320","914,857",,
198,199,TERN,Health Care,Small cap,"$450,598,594","306,376",,
199,200,SRRK,Health Care,Small cap,"$447,591,470","238,306",-13.938197766220128,
200,201,LQDA,Health Care,Small cap,"$445,702,483","632,751",-62.77551067118742,
201,202,BCYC,Health Care,Small cap,"$433,552,700","302,124",-27.075541634589232,
202,203,MGNX,Health Care,Small cap,"$429,778,027","726,211",-49.56689511097363,
203,204,EWTX,Health Care,Small cap,"$428,919,506","138,945",,
204,205,LXRX,Health Care,Small cap,"$426,520,179","548,716",-70.9269667624404,
205,206,NRIX,Health Care,Small cap,"$424,512,420","367,337",,
206,207,RPTX,Health Care,Small cap,"$424,145,192","120,876",,
207,208,CGEM,Health Care,Small cap,"$415,296,267","448,238",,
208,209,ANIK,Health Care,Small cap,"$410,453,126","87,693",6.024343340091718,
209,210,VIGL,Health Care,Small cap,"$409,524,408","22,665",,
210,211,ALLK,Health Care,Small cap,"$405,276,489","1,086,130",253.30880800951766,
211,212,NSTG,Health Care,Small cap,"$405,210,294","734,449",22.53333197699653,
212,213,ARCT,Health Care,Small cap,"$400,987,793","374,974",-31.216933219270857,
213,214,SIGA,Health Care,Small cap,"$400,716,488","973,581",59.333340326944985,
214,215,CMPX,Health Care,Small cap,"$399,763,615","441,793",,
215,216,ATHX,Health Care,Small cap,"$398,909,132","113,080",-20.26143790849673,
216,217,PEPG,Health Care,Small cap,"$398,906,877","30,341",,
217,218,KNSA,Health Care,Small cap,"$390,873,401","481,439",-42.738154480750374,
218,219,AURA,Health Care,Small cap,"$390,853,055","197,672",,
219,220,ALVR,Health Care,Small cap,"$388,072,966","291,723",,
220,221,OCUL,Health Care,Small cap,"$381,344,939","1,203,485",-53.8011700635504,
221,222,CLBS,Health Care,Small cap,"$378,645,306","34,972",,
222,223,VNDA,Health Care,Small cap,"$375,918,448","834,377",2.499997615814209,
223,224,KPTI,Health Care,Small cap,"$364,961,659","2,696,514",98.3246089610832,
224,225,NUVB,Health Care,Small cap,"$361,554,179","822,149",,
225,226,BLUE,Health Care,Small cap,"$360,716,346","4,624,445",40.19215479524018,
226,227,GHRS,Health Care,Small cap,"$359,464,067","33,588",,
227,228,TNGX,Health Care,Small cap,"$358,881,831","140,892",,
228,229,CMMB,Health Care,Small cap,"$349,174,059","98,526",-87.85217430280602,
229,230,STOK,Health Care,Small cap,"$347,442,297","331,214",1.2862932497100072,
230,231,DSGN,Health Care,Small cap,"$345,170,247","1,290,303",,
231,232,GLUE,Health Care,Small cap,"$343,538,870","101,690",,
232,233,ERAS,Health Care,Small cap,"$340,165,292","2,394,343",,
233,234,CNTA,Health Care,Small cap,"$337,708,602","214,370",,
234,235,AMAM,Health Care,Small cap,"$334,821,129","7,893,722",,
235,236,VOR,Health Care,Small cap,"$334,812,317","212,223",,
236,237,THRX,Health Care,Small cap,"$332,806,987","137,441",,
237,238,WVE,Health Care,Small cap,"$327,615,594","406,541",-69.90583803872543,
238,239,OGEN,Health Care,Small cap,"$324,934,321","21,919",-90.54545431426077,
239,240,TARS,Health Care,Small cap,"$324,522,389","92,182",,
240,241,VYGR,Health Care,Small cap,"$323,834,400","416,083",7.279998779296875,
241,242,AUTL,Health Care,Small cap,"$323,649,334","320,273",-49.678570883614675,
242,243,NGM,Health Care,Small cap,"$322,442,741","377,879",23.866666158040363,
243,244,ATXS,Health Care,Small cap,"$321,287,523","666,153",-84.19354871788912,
244,245,HUMA,Health Care,Small cap,"$318,636,044","358,804",,
245,246,PSTX,Health Care,Small cap,"$315,824,291","980,420",,
246,247,RAIN,Health Care,Small cap,"$313,754,291","230,281",,
247,248,OMGA,Health Care,Small cap,"$313,101,458","123,584",,
248,249,SCPH,Health Care,Small cap,"$309,760,172","455,490",-62.24561323199356,
249,250,PRLD,Health Care,Small cap,"$309,517,134","54,303",,
250,251,CKPT,Health Care,Small cap,"$308,807,564","235,074",-79.12499904632568,
251,252,MRNS,Health Care,Small cap,"$306,930,423","655,490",97.27272993276921,
252,253,DBVT,Health Care,Small cap,"$303,121,607","27,866",-68.24266754571661,
253,254,FMTX,Health Care,Small cap,"$301,863,008","739,166",,
254,255,NAUT,Health Care,Small cap,"$300,928,005","186,250",,
255,256,TMBR,Health Care,Micro cap,"$298,910,629","236,117",-95.77297286299972,
256,257,GBIO,Health Care,Micro cap,"$298,328,790","300,475",,
257,258,MIGI,Health Care,Micro cap,"$293,501,495","85,346",-99.12499997350905,
258,259,BIVI,Health Care,Micro cap,"$286,723,120","718,924",,
259,260,SGMO,Health Care,Micro cap,"$286,421,639","2,553,546",162.90322158884914,
260,261,IMRX,Health Care,Micro cap,"$274,406,811","38,866",,
261,262,ATRA,Health Care,Micro cap,"$274,350,393","1,385,853",11.349483494603293,
262,263,ELOX,Health Care,Micro cap,"$274,318,933","15,495",116.24999046325684,
263,264,CARA,Health Care,Micro cap,"$272,953,366","779,008",72.19307772525953,
264,265,STRO,Health Care,Micro cap,"$271,858,954","607,362",-26.984126683776037,
265,266,SLN,Health Care,Micro cap,"$269,054,878","65,024",,
266,267,IMAB,Health Care,Micro cap,"$268,409,260","278,322",,
267,268,KNTE,Health Care,Micro cap,"$268,241,172","115,487",,
268,269,OTLK,Health Care,Micro cap,"$264,366,798","931,047",-97.84426216757512,
269,270,PHAT,Health Care,Micro cap,"$263,592,142","379,527",44.44444444444444,
270,271,CRBU,Health Care,Micro cap,"$263,588,654","634,229",,
271,272,VRCA,Health Care,Micro cap,"$259,901,249","132,080",-23.400001525878906,
272,273,KOD,Health Care,Micro cap,"$255,791,763","448,838",635.1000213623047,
273,274,FUSN,Health Care,Micro cap,"$255,313,189","66,138",,
274,275,CDXS,Health Care,Micro cap,"$255,214,143","620,642",242.3404426712865,
275,276,AVIR,Health Care,Micro cap,"$254,191,801","770,271",,
276,277,APRE,Health Care,Micro cap,"$251,750,216","13,935",212.19669393239275,
277,278,ACET,Health Care,Micro cap,"$248,709,305","850,463",-92.8034368743387,
278,279,MGTX,Health Care,Micro cap,"$247,224,616","220,049",32.57827658282931,
279,280,ALPN,Health Care,Micro cap,"$246,853,513","115,666",-57.74336339200857,
280,281,PRQR,Health Care,Micro cap,"$246,666,185","963,347",92.85713521106612,
281,282,INO,Health Care,Micro cap,"$246,110,872","3,769,900",-51.219509358493916,
282,283,HRTX,Health Care,Micro cap,"$245,503,972","1,589,674",78.33961630767246,
283,284,ICVX,Health Care,Micro cap,"$245,294,011","94,637",,
284,285,OPT,Health Care,Micro cap,"$245,270,381","3,982",,
285,286,BTX,Health Care,Micro cap,"$241,303,181","2,557,644",,
286,287,LCTX,Health Care,Micro cap,"$238,203,998","339,657",-75.97765271975666,
287,288,KZR,Health Care,Micro cap,"$237,192,593","1,253,219",-78.69999885559082,
288,289,PGEN,Health Care,Micro cap,"$236,356,885","1,951,446",-77.50511317636959,
289,290,ORIC,Health Care,Micro cap,"$234,474,318","209,390",,
290,291,VAXX,Health Care,Micro cap,"$234,460,108","145,109",,
291,292,ATNM,Health Care,Micro cap,"$234,446,415","301,328",-75.05494456741681,
292,293,CABA,Health Care,Micro cap,"$234,117,188","275,867",55.444441901312935,
293,294,XOMA,Health Care,Micro cap,"$232,543,041","30,026",560.0000136239195,
294,295,OMER,Health Care,Micro cap,"$231,838,143","323,339",44.92032117547389,
295,296,PMVP,Health Care,Micro cap,"$231,613,207","1,238,196",,
296,297,CMPI,Health Care,Micro cap,"$230,519,568","63,651",,
297,298,SEER,Health Care,Micro cap,"$225,664,530","741,222",,
298,299,PHVS,Health Care,Micro cap,"$224,438,234","17,863",,
299,300,SELB,Health Care,Micro cap,"$222,312,427","2,400,712",-86.89855077992316,
300,301,RIGL,Health Care,Micro cap,"$222,276,292","6,297,644",-12.5000074505803,
301,302,KALV,Health Care,Micro cap,"$222,101,347","416,050",128.00566404293826,
302,303,SVRA,Health Care,Micro cap,"$220,104,922","209,817",-34.53333536783854,
303,304,MOLN,Health Care,Micro cap,"$215,980,927","2,794",,
304,305,GRTS,Health Care,Micro cap,"$215,648,466","642,061",-44.473686274399086,
305,306,IPHA,Health Care,Micro cap,"$214,166,224","25,643",8.983046176343915,
306,307,JSPR,Health Care,Micro cap,"$212,203,356","1,440,446",,
307,308,SBTX,Health Care,Micro cap,"$211,662,444","116,700",,
308,309,ANTX,Health Care,Micro cap,"$210,324,813","47,883",,
309,310,VERA,Health Care,Micro cap,"$206,602,571","618,886",,
310,311,IPSC,Health Care,Micro cap,"$206,505,359","201,067",,
311,312,ALT,Health Care,Micro cap,"$206,478,428","1,312,393",-98.66666670198794,
312,313,GNFT,Health Care,Micro cap,"$203,077,556","5,128",-9.095043296120519,
313,314,OCGN,Health Care,Micro cap,"$199,247,560","11,784,508",-99.40505548910714,
314,315,ALXO,Health Care,Micro cap,"$199,003,049","242,728",,
315,316,WINT,Health Care,Micro cap,"$198,456,012","56,533",-85.0,
316,317,KMPH,Health Care,Micro cap,"$198,057,908","64,126",,
317,318,ATAI,Health Care,Micro cap,"$197,391,615","1,059,780",,
318,319,FHTX,Health Care,Micro cap,"$196,479,326","81,052",,
319,320,FENC,Health Care,Micro cap,"$194,878,546","55,774",-50.19920394412335,
320,321,DRTS,Health Care,Micro cap,"$194,267,484","35,103",,
321,322,FULC,Health Care,Micro cap,"$193,923,241","1,694,943",20.344832847858296,
322,323,URGN,Health Care,Micro cap,"$193,032,726","89,358",155.75622103860084,
323,324,QSI,Health Care,Micro cap,"$190,826,593","879,024",,
324,325,LRMR,Health Care,Micro cap,"$190,817,172","210,326",-65.94427190878504,
325,326,ANNX,Health Care,Micro cap,"$188,844,774","387,992",,
326,327,LIAN,Health Care,Micro cap,"$184,201,513","555,788",,
327,328,ACIU,Health Care,Micro cap,"$182,979,524","75,925",-38.94266848151193,
328,329,CCCC,Health Care,Micro cap,"$181,488,149","822,294",,
329,330,COCP,Health Care,Micro cap,"$179,342,960","34,409",-95.98290590336926,
330,331,NVCT,Health Care,Micro cap,"$179,039,589","16,647",,
331,332,AADI,Health Care,Micro cap,"$177,840,403","115,096",-87.09677419354838,
332,333,IVA,Health Care,Micro cap,"$175,952,290","12,614",,
333,334,XERS,Health Care,Micro cap,"$175,729,411","1,277,426",-54.031747484964036,
334,335,OVID,Health Care,Micro cap,"$174,818,945","82,983",-68.85714190346854,
335,336,TNYA,Health Care,Micro cap,"$171,175,040","517,754",,
336,337,JAGX,Health Care,Micro cap,"$170,884,419","2,419,117",-99.91142856773786,
337,338,MACK,Health Care,Micro cap,"$169,208,084","78,937",-90.07999977649689,
338,339,ADAP,Health Care,Micro cap,"$168,580,905","623,864",-71.77615744675174,
339,340,PDSB,Health Care,Micro cap,"$168,475,433","429,694",-98.94405041980608,
340,341,GLSI,Health Care,Micro cap,"$166,772,388","44,803",,
341,342,RLYB,Health Care,Micro cap,"$166,387,855","107,176",,
342,343,NKTX,Health Care,Micro cap,"$164,889,618","502,949",,
343,344,ABOS,Health Care,Micro cap,"$161,202,434","82,632",,
344,345,ADCT,Health Care,Micro cap,"$159,672,203","687,519",,
345,346,ABSI,Health Care,Micro cap,"$158,919,243","557,781",,
346,347,IMMP,Health Care,Micro cap,"$158,273,213","63,080",-27.500002483526767,
347,348,ANVS,Health Care,Micro cap,"$150,787,658","36,134",,
348,349,AMRN,Health Care,Micro cap,"$150,179,013","5,758,596",580.5825653978709,
349,350,CTXR,Health Care,Micro cap,"$145,702,017","499,055",-83.25203324524122,
350,351,SPPI,Health Care,Micro cap,"$144,804,246","1,541,207",-19.910512489027145,
351,352,INZY,Health Care,Micro cap,"$144,276,023","908,400",,
352,353,OLMA,Health Care,Micro cap,"$143,430,070","84,401",,
353,354,CUE,Health Care,Micro cap,"$142,455,944","207,353",42.57567216699122,
354,355,NKTR,Health Care,Micro cap,"$140,620,632","3,363,207",66.4262918237402,
355,356,RANI,Health Care,Micro cap,"$140,135,181","18,268",,
356,357,GRCL,Health Care,Micro cap,"$139,431,129","73,290",,
357,358,AVEO,Health Care,Micro cap,"$138,255,584","243,695",,
358,359,IMRA,Health Care,Micro cap,"$137,990,319","67,416",,
359,360,OBSV,Health Care,Micro cap,"$137,983,264","33,150,624",,
360,361,RPHM,Health Care,Micro cap,"$136,630,128","121,609",,
361,362,ARAV,Health Care,Micro cap,"$135,847,810","482,595",-84.6799113154449,
362,363,CRMD,Health Care,Micro cap,"$135,818,221","162,148",-10.909086968287852,
363,364,GRPH,Health Care,Micro cap,"$134,648,820","267,249",,
364,365,GTHX,Health Care,Micro cap,"$134,309,882","1,083,719",76.2000020345052,
365,366,IKNA,Health Care,Micro cap,"$133,427,574","42,781",,
366,367,BLI,Health Care,Micro cap,"$132,800,007","762,543",,
367,368,EPIX,Health Care,Micro cap,"$132,277,122","67,452",-86.9047619047619,
368,369,STTK,Health Care,Micro cap,"$128,620,734","37,414",,
369,370,AKBA,Health Care,Micro cap,"$126,283,610","2,343,857",-38.273921032902656,
370,371,CDXC,Health Care,Micro cap,"$125,728,665","179,845",28.529404793643817,
371,372,YMAB,Health Care,Micro cap,"$124,454,171","327,967",17.245281867261202,
372,373,FSTX,Health Care,Micro cap,"$120,900,555","2,249,513",,
373,374,NOTV,Health Care,Micro cap,"$120,723,122","640,699",518.9873080589024,
374,375,NBTX,Health Care,Micro cap,"$120,321,758",573,,
375,376,TRVN,Health Care,Micro cap,"$119,912,930","90,772",-85.46218487394958,
376,377,MIST,Health Care,Micro cap,"$119,658,147","121,609",-0.5124915148337903,
377,378,ESPR,Health Care,Micro cap,"$119,453,615","7,643,007",367.34374065184977,
378,379,SESN,Health Care,Micro cap,"$119,266,780","1,665,253",,
379,380,INMB,Health Care,Micro cap,"$118,353,837","50,761",-36.99052009264201,
380,381,LMNL,Health Care,Micro cap,"$118,272,154","10,984",-99.49882354736329,
381,382,GALT,Health Care,Micro cap,"$118,019,494","129,050",188.65978038454213,
382,383,GNTA,Health Care,Micro cap,"$115,494,880","5,137",,
383,384,TCRT,Health Care,Micro cap,"$113,672,221","969,194",-11.786369921146235,
384,385,CLLS,Health Care,Micro cap,"$113,390,887","83,726",-2.3742230843087966,
385,386,OYST,Health Care,Micro cap,"$112,011,056","2,088,283",,
386,387,CTMX,Health Care,Micro cap,"$111,682,580","717,497",-21.718603943294653,
387,388,PLX,Health Care,Micro cap,"$111,265,654","1,347,087",-39.79166687362723,
388,389,OTIC,Health Care,Micro cap,"$110,427,904","491,624",,
389,390,CMRX,Health Care,Micro cap,"$110,341,959","843,840",-56.900213270732344,
390,391,MNMD,Health Care,Micro cap,"$109,668,540","332,332",-91.01123649254822,
391,392,SLGL,Health Care,Micro cap,"$108,281,112","5,357",-4.575162095024233,
392,393,OPNT,Health Care,Micro cap,"$108,034,039","42,308",,
393,394,MNOV,Health Care,Micro cap,"$107,901,741","26,684",9.81696594478337,
394,395,EYEN,Health Care,Micro cap,"$107,641,096","109,612",-60.299999713897705,
395,396,TRVI,Health Care,Micro cap,"$106,880,271","72,912",-60.526315789473685,
396,397,BCTX,Health Care,Micro cap,"$106,143,243","138,001",-80.0,
397,398,CAPR,Health Care,Micro cap,"$105,819,095","131,420",-95.3308825540295,
398,399,LJPC,Health Care,Micro cap,"$104,024,104","340,715",,
399,400,PBYI,Health Care,Micro cap,"$103,077,174","453,425",-73.08800048828125,
400,401,ETON,Health Care,Micro cap,"$102,850,550","81,504",11.111111940248945,
401,402,XFOR,Health Care,Micro cap,"$102,654,290","864,120",-86.16666671557304,
402,403,CLVS,Health Care,Micro cap,"$102,585,736","24,516,461",,
403,404,CDTX,Health Care,Micro cap,"$102,413,870","3,697,316",-66.66666666666667,
404,405,VXRT,Health Care,Micro cap,"$101,766,130","1,563,183",-97.38181807778098,
405,406,GOSS,Health Care,Micro cap,"$101,633,479","7,534,538",-19.210524308054072,
406,407,RVLP,Health Care,Micro cap,"$101,336,810","84,020",-16.176467150827804,
407,408,LIFE,Health Care,Micro cap,"$99,944,658","293,676",-86.76190451970176,
408,409,XBIT,Health Care,Micro cap,"$98,927,644","23,660",88.89969575283438,
409,410,AKUS,Health Care,Micro cap,"$97,992,144","1,790,496",,
410,411,GMDA,Health Care,Micro cap,"$96,957,934","828,607",-48.93364742816962,
411,412,PRTK,Health Care,Micro cap,"$96,778,338","1,276,376",-73.86581308446068,
412,413,CVM,Health Care,Micro cap,"$94,913,337","195,053",394.8571341378348,
413,414,PIRS,Health Care,Micro cap,"$91,519,691","104,261",160.86955920810132,
414,415,GRTX,Health Care,Micro cap,"$91,228,041","641,427",5.599998474121094,
415,416,CLGN,Health Care,Micro cap,"$91,169,820","6,456",-36.022346880659114,
416,417,RUBY,Health Care,Micro cap,"$91,115,232","7,315,896",-67.32218881601038,
417,418,SPRB,Health Care,Micro cap,"$91,018,606","153,262",,
418,419,ATHA,Health Care,Micro cap,"$90,790,332","292,040",,
419,420,CLNN,Health Care,Micro cap,"$90,668,890","195,480",7.487174792167468,
420,421,MTNB,Health Care,Micro cap,"$88,752,559","286,131",58.992810136048675,
421,422,VSTM,Health Care,Micro cap,"$88,137,768","602,204",23.684208324851582,
422,423,ELYM,Health Care,Micro cap,"$87,009,155","36,023",,
423,424,CELU,Health Care,Micro cap,"$86,833,972","599,220",1.5306083225598954,
424,425,AFMD,Health Care,Micro cap,"$86,603,654","806,286",50.2702667871647,
425,426,DARE,Health Care,Micro cap,"$86,521,991","215,566",-88.62068981959902,
426,427,ORMP,Health Care,Micro cap,"$86,330,874","659,928",-18.688522693579667,
427,428,ETTX,Health Care,Micro cap,"$86,133,240","39,735",,
428,429,ATOS,Health Care,Micro cap,"$86,015,758","264,623",-90.47618990176927,
429,430,FBIO,Health Care,Micro cap,"$84,741,147","753,975",-10.545453158291904,
430,431,ACHV,Health Care,Micro cap,"$84,452,005","91,884",-99.07308381296522,
431,432,TLSA,Health Care,Micro cap,"$84,415,816","85,477",-55.04760109501584,
432,433,EPZM,Health Care,Micro cap,"$84,135,712","3,506,859",,
433,434,LBPH,Health Care,Micro cap,"$83,918,023","25,921",,
434,435,BCAB,Health Care,Micro cap,"$83,709,277","320,579",,
435,436,MDWD,Health Care,Micro cap,"$82,970,629","36,966",-35.319149848954225,
436,437,IFRX,Health Care,Micro cap,"$82,356,031","48,594",-73.79999955495198,
437,438,DTIL,Health Care,Micro cap,"$82,325,446","357,661",-24.888886345757378,
438,439,XLO,Health Care,Micro cap,"$81,591,068","32,154",,
439,440,KRBP,Health Care,Micro cap,"$81,301,139","2,407,193",,
440,441,RVPH,Health Care,Micro cap,"$80,749,340","71,743",8.393787063590215,
441,442,VACC,Health Care,Micro cap,"$80,564,202","31,483",,
442,443,TIL,Health Care,Micro cap,"$80,345,662","550,536",,
443,444,EYPT,Health Care,Micro cap,"$79,923,488","310,679",-12.13872555148287,
444,445,CYBN,Health Care,Micro cap,"$79,815,698","1,571,141",0.0,
445,446,PRDS,Health Care,Micro cap,"$79,614,601","177,794",,
446,447,SNGX,Health Care,Micro cap,"$79,303,368","28,570",-37.82608474510303,
447,448,JNCE,Health Care,Micro cap,"$79,253,221","4,531,700",,
448,449,ONCY,Health Care,Micro cap,"$77,905,428","238,719",114.40443202319568,
449,450,ATNF,Health Care,Micro cap,"$77,684,148","66,409",10.24742519732603,
450,451,KRON,Health Care,Micro cap,"$77,224,346","272,050",,
451,452,GRNA,Health Care,Micro cap,"$76,791,431","693,631",,
452,453,VBIV,Health Care,Micro cap,"$76,366,741","970,510",-58.89967666838897,
453,454,OCUP,Health Care,Micro cap,"$74,905,254","71,761",-88.9999998940362,
454,455,SEEL,Health Care,Micro cap,"$74,801,856","855,834",-96.6169154515069,
455,456,NCNA,Health Care,Micro cap,"$74,617,400","104,721",-63.548386481500444,
456,457,LBPS,Health Care,Micro cap,"$74,599,456","3,914",,
457,458,ADVM,Health Care,Micro cap,"$74,587,338","458,179",274.00000890096027,
458,459,BLPH,Health Care,Micro cap,"$73,459,318","887,513",-34.108526415423995,
459,460,GLYC,Health Care,Micro cap,"$73,393,522","680,167",-12.861732168532043,
460,461,IPA,Health Care,Micro cap,"$73,310,217","76,839",-49.15635763364769,
461,462,TALS,Health Care,Micro cap,"$73,014,524","155,008",,
462,463,RZLT,Health Care,Micro cap,"$71,813,756","29,162",-89.3406595502581,
463,464,DBTX,Health Care,Micro cap,"$71,542,854","50,175",,
464,465,PYXS,Health Care,Micro cap,"$71,372,599","137,258",,
465,466,ANEB,Health Care,Micro cap,"$71,260,343","1,966",,
466,467,CRDF,Health Care,Micro cap,"$69,249,612","175,799",-99.18604653383504,
467,468,INKT,Health Care,Micro cap,"$67,909,717","19,267",,
468,469,BDTX,Health Care,Micro cap,"$67,490,120","143,117",,
469,470,ENLV,Health Care,Micro cap,"$67,386,924","12,335",-79.69047682625907,
470,471,HOWL,Health Care,Micro cap,"$66,715,886","64,844",,
471,472,IMUX,Health Care,Micro cap,"$66,161,719","849,653",-94.65517230417537,
472,473,ADAG,Health Care,Micro cap,"$65,743,902","11,544",,
473,474,MYMD,Health Care,Micro cap,"$63,941,415","575,266",-99.09960044910223,
474,475,LYRA,Health Care,Micro cap,"$63,813,151","36,680",,
475,476,VTVT,Health Care,Micro cap,"$63,508,318","296,366",-63.465552944952286,
476,477,CYT,Health Care,Micro cap,"$63,435,652","91,409",,
477,478,IMNM,Health Care,Micro cap,"$63,029,493","34,659",,
478,479,CLSD,Health Care,Micro cap,"$62,591,585","143,935",-65.41020258071447,
479,480,CGEN,Health Care,Micro cap,"$61,650,758","265,572",15.294122046940412,
480,481,CRTX,Health Care,Micro cap,"$58,794,128","259,340",,
481,482,UBX,Health Care,Micro cap,"$58,790,388","235,262",-60.26315789473684,
482,483,BCLI,Health Care,Micro cap,"$57,918,720","138,502",70.23809501283203,
483,484,GANX,Health Care,Micro cap,"$57,515,501","62,348",,
484,485,IOBT,Health Care,Micro cap,"$57,054,229","49,500",,
485,486,PASG,Health Care,Micro cap,"$56,802,224","163,898",,
486,487,CNTB,Health Care,Micro cap,"$56,692,484","2,740,353",,
487,488,CSBR,Health Care,Micro cap,"$56,268,398","19,640",211.15386343566686,
488,489,MREO,Health Care,Micro cap,"$56,185,872","542,372",-48.54771927904994,
489,490,ARMP,Health Care,Micro cap,"$56,024,294","27,503",-94.9841268478878,
490,491,ASMB,Health Care,Micro cap,"$55,583,202","143,791",71.44046428136393,
491,492,RCOR,Health Care,Micro cap,"$55,262,128","14,313",,
492,493,TCRR,Health Care,Micro cap,"$54,893,027","2,349,040",-7.436918072485781,
493,494,ENOB,Health Care,Micro cap,"$53,755,828","148,359",-15.762716782089544,
494,495,YMTX,Health Care,Micro cap,"$53,739,512","677,036",,
495,496,VIRX,Health Care,Micro cap,"$53,391,200","54,667",-90.68493127835403,
496,497,CGTX,Health Care,Micro cap,"$53,203,098","96,277",,
497,498,FIXX,Health Care,Micro cap,"$53,064,160","260,022",-9.608691671620244,
498,499,APTO,Health Care,Micro cap,"$52,658,583","150,242",282.8571589139046,
499,500,AMPE,Health Care,Micro cap,"$52,272,266","107,731",-43.47826026863623,
500,501,HCWB,Health Care,Micro cap,"$52,013,632","24,752",,
501,502,ONCT,Health Care,Micro cap,"$51,536,912","271,750",-89.08843475134195,
502,503,HEPA,Health Care,Micro cap,"$51,454,991","210,195",-99.24651565728979,
503,504,ELEV,Health Care,Micro cap,"$50,645,938","5,405,553",,
504,505,CRIS,Health Care,Micro cap,"$50,241,307","389,684",-90.0952384585426,
505,506,PMCB,Health Care,Micro cap,"$49,713,647","41,309",-73.11827949875433,
506,507,BOLT,Health Care,Micro cap,"$49,335,770","217,353",,
507,508,LTRN,Health Care,Micro cap,"$48,639,539","39,736",,
508,509,ALGS,Health Care,Micro cap,"$48,522,301","81,133",,
509,510,SPRO,Health Care,Micro cap,"$48,042,443","475,487",-26.26414748857606,
510,511,GLTO,Health Care,Micro cap,"$48,009,396","30,553",,
511,512,NRXP,Health Care,Micro cap,"$47,403,947","187,390",10.93749161809716,
512,513,BLRX,Health Care,Micro cap,"$47,372,406","294,052",-83.33333390922361,
513,514,MGTA,Health Care,Micro cap,"$46,894,195","329,120",-1.6118632902046275,
514,515,TCRX,Health Care,Micro cap,"$46,752,909","34,129",,
515,516,AGTC,Health Care,Micro cap,"$44,775,976","764,531",,
516,517,PRAX,Health Care,Micro cap,"$44,733,244","5,084,801",,
517,518,NXTC,Health Care,Micro cap,"$44,717,003","79,723",242.12218720510074,
518,519,AQST,Health Care,Micro cap,"$44,407,931","382,119",-64.43708774902426,
519,520,BYSI,Health Care,Micro cap,"$44,378,971","112,333",-21.100001335144043,
520,521,PRTG,Health Care,Micro cap,"$44,056,436","26,616",-27.692310626690205,
521,522,TSHA,Health Care,Micro cap,"$43,703,352","351,407",,
522,523,SYBX,Health Care,Micro cap,"$42,981,903","103,820",-81.42076474255,
523,524,EIGR,Health Care,Micro cap,"$42,798,357","337,064",31.025642509552434,
524,525,SNSE,Health Care,Micro cap,"$42,394,002","21,405",,
525,526,PPBT,Health Care,Micro cap,"$42,063,276","28,116",-76.3664597726559,
526,527,CNSP,Health Care,Micro cap,"$42,034,105","104,016",-7.593123974746971,
527,528,ABEO,Health Care,Micro cap,"$41,737,192","154,776",-31.568627450980394,
528,529,ICCC,Health Care,Micro cap,"$41,523,191","7,936",-16.949152268407268,
529,530,ALZN,Health Care,Micro cap,"$41,469,253","207,728",,
530,531,LVTX,Health Care,Micro cap,"$41,240,861","60,786",,
531,532,BCDA,Health Care,Micro cap,"$40,892,820","18,142",-97.04545462937905,
532,533,TARA,Health Care,Micro cap,"$40,794,765","31,420",-77.43589694683368,
533,535,GNPX,Health Care,Micro cap,"$40,458,225","363,909",-93.63247823080366,
534,536,APLT,Health Care,Micro cap,"$40,374,329","127,660",235.00000794728632,
535,537,TCON,Health Care,Micro cap,"$40,260,096","68,532",-95.58823529411765,
536,538,CADL,Health Care,Micro cap,"$40,162,721","15,201",,
537,539,DMAC,Health Care,Micro cap,"$39,955,639","8,950",118.12384997783012,
538,540,MBIO,Health Care,Micro cap,"$39,385,714","377,130",-60.10526422868695,
539,541,FWP,Health Care,Micro cap,"$39,356,052","49,649",,
540,542,ORGS,Health Care,Micro cap,"$39,040,235","79,710",12.365585919101372,
541,543,PHAS,Health Care,Micro cap,"$39,025,516","9,647,464",,
542,544,AVRO,Health Care,Micro cap,"$38,958,938","364,998",-32.03390089132018,
543,545,ACXP,Health Care,Micro cap,"$38,514,481","35,819",,
544,546,BCEL,Health Care,Micro cap,"$38,498,821","154,416",-20.653265002327636,
545,547,DYAI,Health Care,Micro cap,"$38,274,554","18,731",212.0481887045749,
546,548,APM,Health Care,Micro cap,"$38,177,919","6,484",-10.759493670886076,
547,549,SURF,Health Care,Micro cap,"$37,759,823","196,013",-86.77966069366973,
548,550,MDNA,Health Care,Micro cap,"$37,430,140","48,818",14.196432002116817,
549,551,NYMX,Health Care,Micro cap,"$37,219,826","45,310",-18.181818181818183,
550,552,TNXP,Health Care,Micro cap,"$35,630,692","1,402,168",-99.7673469387755,
551,553,MNPR,Health Care,Micro cap,"$35,494,670","10,786",122.15566933657392,
552,554,ELDN,Health Care,Micro cap,"$35,306,796","40,175",-93.45555540956097,
553,555,NLSP,Health Care,Micro cap,"$35,140,612","84,519",,
554,556,ACHL,Health Care,Micro cap,"$35,039,487","166,436",,
555,557,PTN,Health Care,Micro cap,"$34,573,308","64,546",52.94117647058823,
556,558,SLS,Health Care,Micro cap,"$34,529,055","620,143",-99.86030150498178,
557,559,SGTX,Health Care,Micro cap,"$34,090,074","321,047",,
558,560,MEIP,Health Care,Micro cap,"$33,315,216","1,516,751",63.194448767620955,
559,561,LPTX,Health Care,Micro cap,"$32,677,054","722,989",-81.5711939278509,
560,562,AXLA,Health Care,Micro cap,"$32,364,128","107,711",-75.52910002851561,
561,563,PSTI,Health Care,Micro cap,"$32,347,584","170,627",,
562,564,REVB,Health Care,Micro cap,"$32,244,416","360,731",,
563,565,MIRO,Health Care,Micro cap,"$32,104,392","161,405",,
564,566,ERYP,Health Care,Micro cap,"$32,066,980","4,560",-71.92622946014137,
565,567,CRVS,Health Care,Micro cap,"$31,661,043","79,450",-66.62116045176953,
566,568,IMPL,Health Care,Micro cap,"$31,097,845","58,242",,
567,569,AYLA,Health Care,Micro cap,"$30,987,660","50,068",,
568,570,VTGN,Health Care,Micro cap,"$30,705,702","2,087,458",-80.87431747146586,
569,571,ENTX,Health Care,Micro cap,"$30,538,517","56,711",-71.91780960611293,
570,572,PTIX,Health Care,Micro cap,"$29,944,725","13,819",,
571,573,KALA,Health Care,Micro cap,"$29,632,992","1,693,217",-78.26347305389221,
572,574,ABIO,Health Care,Micro cap,"$29,252,590","30,957",-89.17624518622847,
573,575,STSA,Health Care,Micro cap,"$29,250,217","85,342",6.324971852567984,
574,576,INAB,Health Care,Micro cap,"$29,155,117","69,708",,
575,577,NOVN,Health Care,Micro cap,"$28,132,655","112,047",-88.27183155189627,
576,578,EVAX,Health Care,Micro cap,"$27,647,085","73,446",,
577,579,UNCY,Health Care,Micro cap,"$27,546,062","25,786,297",,
578,580,OCX,Health Care,Micro cap,"$27,513,502","1,204,345",-70.20978900656281,
579,581,LPCN,Health Care,Micro cap,"$27,438,345","320,422",-90.34666697184245,
580,582,IMMX,Health Care,Micro cap,"$27,380,679","49,725",,
581,583,LUMO,Health Care,Micro cap,"$27,288,049","12,545",-77.92706395896381,
582,584,SRZN,Health Care,Micro cap,"$27,009,482","150,314",,
583,585,MBRX,Health Care,Micro cap,"$26,998,904","68,307",-56.50224124153855,
584,586,CRBP,Health Care,Micro cap,"$26,946,579","2,122,197",-37.44186283082001,
585,587,TFFP,Health Care,Micro cap,"$26,605,537","171,449",-0.3853560829674596,
586,588,NTRB,Health Care,Micro cap,"$26,554,382","7,113",,
587,589,IDRA,Health Care,Micro cap,"$26,501,059","282,354",,
588,590,EVGN,Health Care,Micro cap,"$25,588,057","69,085",-71.56862598435319,
589,591,IBIO,Health Care,Micro cap,"$25,356,766","1,593,756",-93.75,
590,592,SABS,Health Care,Micro cap,"$25,198,881","28,405",,
591,593,RNXT,Health Care,Micro cap,"$24,313,665","93,399",,
592,594,AGE,Health Care,Micro cap,"$24,286,177","13,343",44.24778779733619,
593,595,MTCR,Health Care,Micro cap,"$24,264,624","147,088",,
594,597,SQZ,Health Care,Micro cap,"$23,592,900","892,392",,
595,598,CASI,Health Care,Micro cap,"$23,031,553","8,748",164.40678185274186,
596,599,EVLO,Health Care,Micro cap,"$22,818,318","155,500",-73.68750095367432,
597,600,HARP,Health Care,Micro cap,"$22,744,350","317,380",12.214285986764091,
598,601,EQ,Health Care,Micro cap,"$22,369,197","41,632",-70.80139410566818,
599,602,BTTX,Health Care,Micro cap,"$22,319,604","33,864",,
600,603,NHWK,Health Care,Micro cap,"$21,812,265","35,835",-94.43181793551798,
601,604,KZIA,Health Care,Micro cap,"$21,747,136","70,228",-25.510203585134164,
602,605,AIM,Health Care,Micro cap,"$21,132,082","110,997",-98.25428207926629,
603,606,AGLE,Health Care,Micro cap,"$21,044,162","270,829",75.68806451475314,
604,607,ASLN,Health Care,Micro cap,"$20,895,050","89,035",-66.99187115925115,
605,608,EDSA,Health Care,Micro cap,"$20,861,012","118,053",-95.423925520272,
606,609,ADXN,Health Care,Micro cap,"$20,378,202","273,449",,
607,610,ABVC,Health Care,Micro cap,"$20,232,044","68,553",-85.97222169240315,
608,611,GTBP,Health Care,Micro cap,"$20,154,724","55,631",-94.02439003324109,
609,612,IKT,Health Care,Micro cap,"$20,053,920","563,479",,
610,613,CYCN,Health Care,Micro cap,"$20,021,451","77,064",-78.4,
611,614,FBRX,Health Care,Micro cap,"$19,931,426","32,303",-95.06329122465623,
612,615,CYAD,Health Care,Micro cap,"$19,595,738","32,049",-44.94736822027909,
613,616,BNOX,Health Care,Micro cap,"$19,583,138","82,367",,
614,617,NRSN,Health Care,Micro cap,"$19,572,999","38,093",,
615,618,SIOX,Health Care,Micro cap,"$19,539,302","369,237",-95.03179647225407,
616,619,AIKI,Health Care,Micro cap,"$19,526,942","31,931",,
617,620,ACST,Health Care,Micro cap,"$19,406,581","69,101",95.23809974335943,
618,621,VYNT,Health Care,Micro cap,"$19,366,501","20,225",,
619,622,VCNX,Health Care,Micro cap,"$19,259,000","103,230",-59.083334604899086,
620,623,FNCH,Health Care,Micro cap,"$19,159,070","94,940",,
621,624,VINC,Health Care,Micro cap,"$19,047,483","37,969",,
622,625,AKTX,Health Care,Micro cap,"$19,044,098","162,182",-75.56095490914299,
623,626,MTEM,Health Care,Micro cap,"$18,731,287","3,600,372",193.59503285447323,
624,627,SYRS,Health Care,Micro cap,"$17,704,486","184,097",-42.35197421565776,
625,628,AVTX,Health Care,Micro cap,"$17,416,092","16,816",484.26966051338394,
626,629,GOVX,Health Care,Micro cap,"$17,381,069","426,193",,
627,630,INFI,Health Care,Micro cap,"$17,141,352","1,208,822",-28.46715214142085,
628,631,CDAK,Health Care,Micro cap,"$16,978,458","174,323",,
629,632,NMTR,Health Care,Micro cap,"$16,971,680","63,154",-96.97802197802197,
630,633,LGVN,Health Care,Micro cap,"$16,516,974","29,089",,
631,634,ANGN,Health Care,Micro cap,"$16,355,017","26,563",,
632,635,ACER,Health Care,Micro cap,"$16,264,991","1,217,264",-60.55652072928124,
633,636,BWV,Health Care,Micro cap,"$16,230,105","139,454",,
634,637,SYN,Health Care,Micro cap,"$16,160,942","57,189",,
635,638,FREQ,Health Care,Micro cap,"$15,702,642","476,797",60.26786668416205,
636,639,FRLN,Health Care,Micro cap,"$15,626,249","38,264",,
637,640,AMTI,Health Care,Micro cap,"$15,405,974","172,541",,
638,641,NNVC,Health Care,Micro cap,"$15,241,850","18,161",-87.73584994780883,
639,642,RGLS,Health Care,Micro cap,"$15,219,791","31,252",-97.10144927536231,
640,643,INDP,Health Care,Micro cap,"$15,205,895","9,348",-91.57894703379849,
641,644,EFTR,Health Care,Micro cap,"$15,205,077","82,711",,
642,645,ONTX,Health Care,Micro cap,"$15,103,313","77,185",-98.55203623745297,
643,646,CLRB,Health Care,Micro cap,"$15,000,381","212,519",-81.91999969482421,
644,647,TPST,Health Care,Micro cap,"$14,786,380","5,178",-71.51898734177215,
645,648,LOGC,Health Care,Micro cap,"$14,417,885","153,044",,
646,649,MITO,Health Care,Micro cap,"$14,021,126","1,299,740",,
647,650,HGEN,Health Care,Micro cap,"$13,983,861","2,158,873",-87.7750615807769,
648,651,CLSN,Health Care,Micro cap,"$13,913,532","67,986",,
649,652,ACOR,Health Care,Micro cap,"$13,872,487","155,817",-88.41269895092731,
650,653,UPC,Health Care,Micro cap,"$13,450,200","17,723",,
651,654,AEZS,Health Care,Micro cap,"$13,207,994","17,158",-73.2394366197183,
652,655,LIXT,Health Care,Micro cap,"$12,787,913","165,627",385.7143076098699,
653,656,ALNA,Health Care,Micro cap,"$12,733,095","276,971,676",,
654,657,BPTH,Health Care,Micro cap,"$12,708,402","33,498",-97.04444443738019,
655,658,KTTA,Health Care,Micro cap,"$12,571,086","39,833",,
656,659,GRAY,Health Care,Micro cap,"$12,540,763","31,744",,
657,660,ARDS,Health Care,Micro cap,"$12,331,788","454,296",-59.447004422646174,
658,661,GNCA,Health Care,Micro cap,"$12,279,873","1,452",,
659,662,ANPC,Health Care,Micro cap,"$12,259,713","15,425",,
660,663,SONN,Health Care,Micro cap,"$12,234,837","105,724",-85.95238176035797,
661,664,APTX,Health Care,Micro cap,"$12,080,484","5,028,538",-81.89655077915741,
662,665,ITRM,Health Care,Micro cap,"$12,075,745","98,749",-63.54330868858678,
663,666,GLS,Health Care,Micro cap,"$12,050,528","272,287",,
664,667,BRTX,Health Care,Micro cap,"$11,665,115","4,378,007",-99.79076922490047,
665,668,CING,Health Care,Micro cap,"$11,535,600","473,858",,
666,669,DFFN,Health Care,Micro cap,"$11,522,847","5,631",-98.7905604719764,
667,670,PULM,Health Care,Micro cap,"$11,172,298","23,309",-84.98214312962124,
668,671,TTNP,Health Care,Micro cap,"$10,971,913","16,222",-99.10569106983299,
669,672,GLMD,Health Care,Micro cap,"$10,913,460","25,505",62.2159110536137,
670,673,ADIL,Health Care,Micro cap,"$10,899,031","513,076",-33.99999737739563,
671,674,VBLT,Health Care,Micro cap,"$10,790,343","2,169,469",-76.08247444472312,
672,675,PHGE,Health Care,Micro cap,"$10,691,167","242,809",-1.9685834721154123,
673,676,PHGE=,Health Care,Micro cap,"$10,691,167","2,460",,
674,677,IMRN,Health Care,Micro cap,"$10,535,672","3,782",-60.108107489508555,
675,678,LABP,Health Care,Micro cap,"$10,454,195","596,250",,
676,679,ZSAN,Health Care,Micro cap,"$10,294,746","1,154,951",,
677,680,ATHE,Health Care,Micro cap,"$10,189,231","17,423",-50.90908859715317,
678,682,VRPX,Health Care,Micro cap,"$9,957,141","17,025",,
679,683,CNTX,Health Care,Micro cap,"$9,737,696","94,706",,
680,684,CYTH,Health Care,Micro cap,"$9,709,453","85,455",-30.232558139534884,
681,685,NEXI,Health Care,Micro cap,"$9,700,869","125,656",,
682,686,PSTV,Health Care,Micro cap,"$9,627,130","259,818",-99.6864516063403,
683,687,SCPS,Health Care,Micro cap,"$9,604,235","13,802",,
684,688,NAVB,Health Care,Micro cap,"$9,600,264","68,274",-89.99999961545389,
685,689,BPTS,Health Care,Micro cap,"$9,481,689","1,623,841",,
686,690,XRTX,Health Care,Micro cap,"$8,928,282","90,233",,
687,691,APVO,Health Care,Micro cap,"$8,859,659","52,635",-74.53441500991732,
688,692,NERV,Health Care,Micro cap,"$8,811,318","31,155",-42.60504081806346,
689,693,NRBO,Health Care,Micro cap,"$8,462,038","505,063",-96.51972157772622,
690,694,ONCR,Health Care,Micro cap,"$8,314,001","75,781",,
691,695,MRKR,Health Care,Micro cap,"$8,270,899","28,159",-18.648647617649388,
692,696,PCSA,Health Care,Micro cap,"$8,066,040","153,405",46.93877551020408,
693,697,PYPD,Health Care,Micro cap,"$8,065,325","47,013",,
694,698,DRUG,Health Care,Micro cap,"$8,047,325","58,137",,
695,699,VYNE,Health Care,Micro cap,"$7,899,538","17,709",-77.268293427258,
696,700,CELZ,Health Care,Micro cap,"$7,741,935","138,174",-99.94117647058823,
697,701,PALI,Health Care,Micro cap,"$7,521,642","159,226",-98.82051282051282,
698,702,CYCC,Health Care,Micro cap,"$7,398,122","45,035",-86.33776147053031,
699,703,AYTU,Health Care,Micro cap,"$7,325,187","81,537",-99.80416666666666,
700,704,ENSC,Health Care,Micro cap,"$7,210,778","1,622,942",8.777422902724398,
701,705,PBLA,Health Care,Micro cap,"$7,122,786","1,562,893",-66.92913385826772,
702,706,BBI,Health Care,Micro cap,"$6,753,818","31,317",,
703,707,PHIO,Health Care,Micro cap,"$6,661,870","7,189",-97.84210530574622,
704,708,ONCS,Health Care,Micro cap,"$6,625,879","4,908,231",-85.79365084607569,
705,709,XBIO,Health Care,Micro cap,"$6,369,970","46,138",-97.42592599656847,
706,710,CBIO,Health Care,Micro cap,"$6,326,888","5,974,526",-33.12820532383063,
707,711,NBSE,Health Care,Micro cap,"$6,266,362","192,658",-76.87096872637349,
708,712,ALRN,Health Care,Micro cap,"$6,130,575","71,951",-95.78181804310192,
709,713,IMV,Health Care,Micro cap,"$6,120,501","205,634",,
710,714,KPRX,Health Care,Micro cap,"$6,084,098","66,595",-50.707070707070706,
711,715,ARTL,Health Care,Micro cap,"$6,034,354","12,499",-39.387756140053675,
712,716,KTRA,Health Care,Micro cap,"$5,997,592","67,654",-97.9215439117924,
713,717,SNPX,Health Care,Micro cap,"$5,994,627","77,170",,
714,718,BNTC,Health Care,Micro cap,"$5,973,978","410,593",-69.47712469904201,
715,719,REVBU,Health Care,Micro cap,"$5,723,972","14,592",,
716,720,VIRI,Health Care,Micro cap,"$5,682,421","452,860",,
717,721,VLON,Health Care,Micro cap,"$5,527,760","1,386,878",,
718,722,NBRV,Health Care,Micro cap,"$5,484,465","13,360",-78.46655791190865,
719,723,ATXI,Health Care,Micro cap,"$5,337,046","1,601,519",23.42104995459841,
720,724,INM,Health Care,Micro cap,"$5,191,986","390,778",-0.5681797283620226,
721,725,EVFM,Health Care,Micro cap,"$5,150,157","3,362,697",-4.2042042042042045,
722,726,XCUR,Health Care,Micro cap,"$4,840,205","13,896",-5.960266685237702,
723,727,FWBI,Health Care,Micro cap,"$4,819,197","35,648",-76.2979683972912,
724,728,SLRX,Health Care,Micro cap,"$4,670,365","16,560",-97.17391304347827,
725,729,PTE,Health Care,Micro cap,"$4,557,621","29,989",-22.727273055672978,
726,730,HSTO,Health Care,Micro cap,"$4,314,477","5,784,329",-92.85714285714286,
727,731,CWBR,Health Care,Micro cap,"$4,273,181","8,617",-72.93929146008533,
728,732,QLGN,Health Care,Micro cap,"$4,252,844","858,108",-99.3586956521739,
729,733,RNAZ,Health Care,Micro cap,"$4,160,501","423,793",,
730,734,BXRX,Health Care,Micro cap,"$4,033,695","263,208",34.23076923076923,
731,735,DRMA,Health Care,Micro cap,"$4,012,240","137,807",,
732,736,ADTX,Health Care,Micro cap,"$3,811,945","52,023",,
733,737,SPRC,Health Care,Micro cap,"$3,627,616","212,329",,
734,738,ENVB,Health Care,Micro cap,"$3,553,843","13,086",-98.54992319508449,
735,739,CANF,Health Care,Micro cap,"$3,421,904","32,805",-91.27777788374159,
736,740,ALLR,Health Care,Micro cap,"$3,390,000","10,959,693",,
737,741,GMVD,Health Care,Micro cap,"$3,377,681","50,901",,
738,742,XTLB,Health Care,Micro cap,"$3,345,311","2,307",-54.37499948777259,
739,743,PTPI,Health Care,Micro cap,"$3,181,789","7,755",,
740,744,HOTH,Health Care,Micro cap,"$2,823,227","278,447",-13.072465537250906,
741,745,NBY,Health Care,Micro cap,"$2,795,902","15,498",-80.61538528610062,
742,746,NVIV,Health Care,Micro cap,"$2,716,852","95,146",-99.73333333333333,
743,747,BLCM,Health Care,Micro cap,"$2,540,990","214,902",-91.99711562674955,
744,748,MTP,Health Care,Micro cap,"$2,426,161","49,208",,
745,749,CFRX,Health Care,Micro cap,"$2,246,246","284,702",-64.86486486486487,
746,750,TCBP,Health Care,Micro cap,"$2,194,403","180,101",,
747,751,HOOK,Health Care,Micro cap,"$1,932,811","134,757",-14.895105496718594,
748,752,CYTO,Health Care,Micro cap,"$1,909,808","247,674",-99.21759261025323,
749,753,BVXV,Health Care,Micro cap,"$1,450,879","21,121",129.27027521906672,
750,754,TENX,Health Care,Micro cap,"$1,212,775","9,244,579",-96.47499990463257,
751,755,STAB,Health Care,Micro cap,"$1,106,949","995,601",,
752,756,CALA,Health Care,Micro cap,"$218,937","62,844",70.74626725456658,
753,757,QNRX,Health Care,Micro cap,"$11,352","518,405",-86.20689655172414,
754,758,TYME,Health Care,Unknown,$0,"2,633,537",,
755,759,TMO,Health Care,Large cap,"$213,986,924,450","1,245,827",128.27446445550856,
756,760,DHR,Health Care,Large cap,"$179,907,490,460","2,562,069",94.8495558144077,
757,761,DXCM,Health Care,Large cap,"$44,244,367,505","2,691,928",263.3445419183298,
758,762,IDXX,Health Care,Large cap,"$39,689,159,833","393,945",121.15141100584495,
759,763,A,Health Care,Large cap,"$38,775,383,984","1,711,686",84.84650764592234,
760,764,IQV,Health Care,Large cap,"$34,994,547,104","1,285,556",100.03910673921902,
761,765,ILMN,Health Care,Large cap,"$34,278,100,000","1,351,142",154.03733010761007,
762,766,MTD,Health Care,Large cap,"$32,025,875,675","90,050",87.687528000184,
763,767,LH,Health Care,Large cap,"$18,996,525,000","675,075",30.332124844527353,
764,768,WAT,Health Care,Large cap,"$17,575,203,372","443,651",72.66937961640501,
765,769,ICLR,Health Care,Large cap,"$16,986,240,907","511,981",125.00660352173739,
766,770,PKI,Health Care,Large cap,"$15,814,139,324","852,719",,
767,771,DGX,Health Care,Large cap,"$15,072,021,376","1,508,442",14.650707228242512,
768,773,EXAS,Health Care,Large cap,"$11,657,183,258","2,182,658",575.0184060549142,
769,774,QGEN,Health Care,Large cap,"$10,436,244,124","742,989",14.629256642029127,
770,775,CRL,Health Care,Mid cap,"$9,876,406,435","659,048",97.96610479704914,
771,776,NTRA,Health Care,Mid cap,"$6,310,012,098","1,839,178",184.15252743490626,
772,777,QDEL,Health Care,Mid cap,"$5,664,277,353","440,135",238.47217948072014,
773,778,MEDP,Health Care,Mid cap,"$5,605,174,883","418,171",128.58320753839521,
774,779,LNTH,Health Care,Mid cap,"$5,430,328,672","1,146,807",134.21966615443878,
775,780,SHC,Health Care,Mid cap,"$4,916,988,800","1,274,131",,
776,781,OCDX,Health Care,Mid cap,"$4,153,230,336","5,847,503",,
777,782,NEOG,Health Care,Mid cap,"$3,953,461,836","1,638,198",31.176742706775048,
778,783,SYNH,Health Care,Mid cap,"$3,440,002,282","1,518,067",12.570883779518292,
779,784,OLK,Health Care,Mid cap,"$2,737,830,664","93,292",,
780,785,GH,Health Care,Mid cap,"$2,513,208,208","1,961,567",180.7567699535473,
781,786,NEO,Health Care,Mid cap,"$2,314,636,917","1,461,196",239.27739940792162,
782,787,PACB,Health Care,Mid cap,"$2,283,013,416","4,180,410",35.60209211682685,
783,788,MYGN,Health Care,Small cap,"$1,919,316,338","829,522",58.04528827504648,
784,789,RDNT,Health Care,Small cap,"$1,338,330,686","397,465",212.76922959547775,
785,790,VIVO,Health Care,Small cap,"$1,122,930,304","2,039,919",,
786,791,NRC,Health Care,Small cap,"$1,067,396,526","61,823",243.23762227823087,
787,792,OPK,Health Care,Small cap,"$973,540,023","5,419,768",-84.06113468921669,
788,793,HSKA,Health Care,Small cap,"$969,739,406","113,302",35.303114621896235,
789,794,TWST,Health Care,Small cap,"$908,594,036","1,472,009",62.07692072941707,
790,795,FLGT,Health Care,Small cap,"$889,992,152","479,296",12.987012772547523,
791,796,ME,Health Care,Small cap,"$632,354,244","2,046,854",,
792,797,CSTL,Health Care,Small cap,"$588,915,651","227,281",75.20000457763672,
793,798,MXCT,Health Care,Small cap,"$502,622,976","669,048",,
794,799,CDNA,Health Care,Small cap,"$473,944,881","3,383,838",623.1034008189431,
795,800,SENS,Health Care,Small cap,"$343,618,733","4,221,843",-66.2222228010986,
796,801,BNGO,Health Care,Small cap,"$333,800,510","5,907,036",-80.16666571299235,
797,802,NVTA,Health Care,Small cap,"$313,901,441","8,964,691",92.99999475479126,
798,803,BNR,Health Care,Micro cap,"$257,299,225","151,176",,
799,804,SRDX,Health Care,Micro cap,"$241,961,250","510,066",63.512975377156316,
800,805,CELC,Health Care,Micro cap,"$217,972,535","128,340",-20.714289931212836,
801,806,TTOO,Health Care,Micro cap,"$176,271,364","464,701",-79.19847328244275,
802,807,LAB,Health Care,Micro cap,"$167,615,527","273,233",-54.37415634958107,
803,808,ANIX,Health Care,Micro cap,"$133,286,181","96,436",-41.27272692593661,
804,809,BDSX,Health Care,Micro cap,"$128,658,521","184,213",,
805,810,PSNL,Health Care,Micro cap,"$126,656,809","428,441",-57.54237162796325,
806,811,CHEK,Health Care,Micro cap,"$126,299,653","21,961",-94.1908718783062,
807,812,SERA,Health Care,Micro cap,"$112,247,600","146,026",,
808,813,DRIO,Health Care,Micro cap,"$106,074,745","159,345",86.11111703887069,
809,814,ENZ,Health Care,Micro cap,"$105,781,809","2,693,898",-62.51767990063982,
810,815,VNRX,Health Care,Micro cap,"$102,216,761","132,744",-0.6382922167795148,
811,816,DMTK,Health Care,Micro cap,"$98,693,475","355,168",-38.50515185690716,
812,817,RNLX,Health Care,Micro cap,"$93,312,571","68,304",,
813,818,GTH,Health Care,Micro cap,"$91,060,953","56,199",,
814,819,MYNZ,Health Care,Micro cap,"$90,146,292","53,258",,
815,820,PRE,Health Care,Micro cap,"$86,782,107","102,560",,
816,821,LHDX,Health Care,Micro cap,"$84,918,848","103,762,977",,
817,822,STIM,Health Care,Micro cap,"$79,758,966","474,424",-82.07999992370605,
818,823,BVS,Health Care,Micro cap,"$79,546,764","8,952,021",,
819,824,OPGN,Health Care,Micro cap,"$75,177,900","538,163",-99.79741379310344,
820,825,AKU,Health Care,Micro cap,"$71,849,210","35,720",,
821,826,AWH,Health Care,Micro cap,"$52,192,799","164,476",-13.684209187825521,
822,827,AXDX,Health Care,Micro cap,"$48,558,745","499,433",-20.381860118492693,
823,828,MDXH,Health Care,Micro cap,"$46,583,949","254,584",,
824,829,CODX,Health Care,Micro cap,"$44,837,780","74,087",-84.74999964237213,
825,830,XGN,Health Care,Micro cap,"$37,857,816","17,508",54.702386615498256,
826,831,HTGM,Health Care,Micro cap,"$37,017,326","102,263",-70.22222332739103,
827,832,QTNT,Health Care,Micro cap,"$35,622,372","5,811,488",,
828,833,LMDX,Health Care,Micro cap,"$33,478,908","143,931",,
829,834,BMRA,Health Care,Micro cap,"$32,280,472","14,041",26.99114591459741,
830,836,PMD,Health Care,Micro cap,"$28,449,268","8,139",-63.85737453000241,
831,837,GENE,Health Care,Micro cap,"$21,159,706","295,255",-54.77272803625783,
832,838,CNTG,Health Care,Micro cap,"$18,136,467","8,948",-29.894738448293584,
833,839,SLNO,Health Care,Micro cap,"$17,726,270","30,532",-29.223183399792372,
834,840,ONVO,Health Care,Micro cap,"$17,080,596","49,068",-89.83050918232075,
835,841,PRPO,Health Care,Micro cap,"$14,376,764","59,358",-98.49042143401515,
836,842,CEMI,Health Care,Micro cap,"$14,132,762","464,076",,
837,843,ISPC,Health Care,Micro cap,"$11,451,029","10,343",,
838,844,TRIB,Health Care,Micro cap,"$10,388,076","26,816",-84.4155834102775,
839,845,NDRA,Health Care,Micro cap,"$9,539,000","10,134",-60.85319704190079,
840,846,SQL,Health Care,Micro cap,"$5,686,472","172,501",,
841,847,BIOC,Health Care,Micro cap,"$5,117,631","165,417",-98.88888888888889,
842,848,MOTS,Health Care,Micro cap,"$2,427,138","30,010",-55.599998474121094,
843,850,JNJ,Health Care,Large cap,"$471,501,804,279","8,943,713",25.49663550155395,
844,851,LLY,Health Care,Large cap,"$316,106,512,334","3,792,061",77.57641157208033,
845,852,ABBV,Health Care,Large cap,"$273,971,219,521","7,552,780",40.68658490005517,
846,853,MRK,Health Care,Large cap,"$264,597,492,835","10,832,183",53.896867371902026,
847,854,PFE,Health Care,Large cap,"$226,792,087,106","24,867,457",18.9908237873175,
848,855,AZN,Health Care,Large cap,"$208,483,600,671","4,044,633",81.65636423609858,
849,856,NVS,Health Care,Large cap,"$198,331,040,503","2,271,007",44.76306909633425,
850,857,BMY,Health Care,Large cap,"$140,576,015,006","8,575,789",8.421233184310497,
851,858,SNY,Health Care,Large cap,"$130,446,064,833","1,262,224",23.742595974760924,
852,859,AMGN,Health Care,Large cap,"$124,469,861,078","2,903,115",62.4983114301704,
853,860,GILD,Health Care,Large cap,"$98,222,001,929","6,312,042",-10.243290583128765,
854,861,GSK,Health Care,Large cap,"$72,111,783,971","2,827,273",22.127114819223422,
855,862,MRNA,Health Care,Large cap,"$57,628,000,036","3,453,513",-13.409094376997514,
856,863,BIIB,Health Care,Large cap,"$38,313,258,750","988,196",3.565181645890612,
857,864,HZNP,Health Care,Large cap,"$24,626,696,987","1,738,093",121.51198464367516,
858,865,OGN,Health Care,Mid cap,"$5,448,878,119","2,493,999",,
859,866,GRFS,Health Care,Small cap,"$1,811,676,012","1,480,293",43.83138233118692,
860,867,TSVT,Health Care,Small cap,"$476,300,756","1,138,751",,
861,868,CRXT,Health Care,Micro cap,"$20,963,152","2,737,134",,
862,869,ZTS,Health Care,Large cap,"$74,716,474,088","2,194,091",145.3786267500755,
863,870,TAK,Health Care,Large cap,"$51,329,670,075","2,727,912",-3.5801842279943035,
864,871,CTLT,Health Care,Large cap,"$11,280,867,855","1,939,234",109.08083820825543,
865,872,VTRS,Health Care,Large cap,"$11,010,688,423","11,020,263",-49.50623561247949,
866,873,TEVA,Health Care,Mid cap,"$9,475,059,146","9,330,484",-73.50776606474713,
867,874,RDY,Health Care,Mid cap,"$9,075,521,054","199,538",-9.825179822167064,
868,875,ELAT,Health Care,Mid cap,"$6,510,840,554","105,726",,
869,876,PRGO,Health Care,Mid cap,"$4,485,139,037","1,455,440",-38.6885621728022,
870,877,ELAN,Health Care,Mid cap,"$4,320,667,374","9,492,615",-9.178291734798934,
871,879,BHC,Health Care,Mid cap,"$2,634,399,994","3,516,910",100.40845047654828,
872,880,SNDL,Health Care,Mid cap,"$2,556,748,120","4,629,809",-80.95238109189881,
873,881,SUPN,Health Care,Small cap,"$1,903,191,640","605,441",-8.25147472894291,
874,882,PCRX,Health Care,Small cap,"$1,773,764,570","718,371",35.03805988087925,
875,883,AMPH,Health Care,Small cap,"$1,767,871,626","501,875",3.277800553448806,
876,884,EMBC,Health Care,Small cap,"$1,685,549,835","973,800",,
877,885,IRWD,Health Care,Small cap,"$1,620,201,063","2,209,690",3.1603657221241974,
878,886,TLRY,Health Care,Small cap,"$1,606,440,974","13,085,404",-31.800430423643245,
879,887,CGC,Health Care,Small cap,"$949,351,668","5,115,077",173.0311101256877,
880,888,AMYT,Health Care,Small cap,"$930,660,908","325,673",,
881,889,TARO,Health Care,Small cap,"$905,037,914","17,255",-16.13821966109669,
882,890,COLL,Health Care,Small cap,"$783,531,064","437,460",27.89072079723781,
883,891,CRON,Health Care,Small cap,"$734,510,528","2,680,123",-19.66019333201084,
884,892,CALT,Health Care,Small cap,"$679,127,503","8,663",,
885,893,ANIP,Health Care,Small cap,"$661,593,732","81,431",0.7574495108512843,
886,894,AVDL,Health Care,Small cap,"$564,657,610","549,564",-19.286515545263008,
887,895,TCDA,Health Care,Small cap,"$531,524,800","35,404,136",,
888,896,PROC,Health Care,Small cap,"$521,247,725","33,413",-0.10152516238119978,
889,897,HROW,Health Care,Small cap,"$467,031,796","370,367",207.60000228881836,
890,898,EOLS,Health Care,Small cap,"$465,396,203","395,197",2.9333326551649304,
891,899,EBS,Health Care,Small cap,"$394,101,642","1,588,692",62.25344411536758,
892,900,RGC,Health Care,Small cap,"$340,072,625","1,197",,
893,901,PETQ,Health Care,Small cap,"$335,371,572","381,559",17.14285895937965,
894,902,EGRX,Health Care,Small cap,"$334,117,024","422,732",-25.380017697989484,
895,903,AERI,Health Care,Small cap,"$331,122,624","1,215,184",,
896,904,ASRT,Health Care,Small cap,"$321,799,770","2,909,183",-93.64764270162735,
897,906,RDUS,Health Care,Micro cap,"$297,313,120","2,381,772",,
898,907,PAHC,Health Care,Micro cap,"$295,504,950","151,481",-16.58783710856261,
899,908,ORGO,Health Care,Micro cap,"$254,481,828","3,441,070",-50.862944516295435,
900,909,ACB,Health Care,Micro cap,"$241,507,281","4,794,864",11.046515281337628,
901,910,ZOM,Health Care,Micro cap,"$210,678,429","4,750,378",-85.99999959418112,
902,911,OGI,Health Care,Micro cap,"$202,553,204","1,006,455",-73.35722760377874,
903,912,AMRX,Health Care,Micro cap,"$198,466,087","1,215,975",-73.52941176470588,
904,913,KMDA,Health Care,Micro cap,"$195,415,017","20,779",19.824564074618827,
905,914,OPTN,Health Care,Micro cap,"$187,840,923","308,348",-51.875,
906,915,RDHL,Health Care,Micro cap,"$160,829,226","3,336,305",-44.824396999292766,
907,916,BGXX,Health Care,Micro cap,"$155,777,982","1,065,313",,
908,918,PRPH,Health Care,Micro cap,"$121,757,675","50,282",1.4925358971198917,
909,919,IXHL,Health Care,Micro cap,"$120,612,787","13,246",,
910,920,DRRX,Health Care,Micro cap,"$110,916,448","106,008",159.55881063913426,
911,921,ENDP,Health Care,Micro cap,"$109,328,008","157,670,555",,
912,923,INCR,Health Care,Micro cap,"$97,489,362","96,544",-56.17529768839413,
913,924,SCTL,Health Care,Micro cap,"$93,381,413","457,651",161.97625855921154,
914,926,TKNO,Health Care,Micro cap,"$81,321,951","66,643",,
915,927,THTX,Health Care,Micro cap,"$78,016,144","61,290",44.87805354602287,
916,928,SLDB,Health Care,Micro cap,"$73,728,880","50,360",-83.29411724813623,
917,929,LCI,Health Care,Micro cap,"$71,490,000","48,207",,
918,930,RLMD,Health Care,Micro cap,"$69,830,151","231,089",859.5588788716724,
919,931,VLNS,Health Care,Micro cap,"$63,115,044","44,625",,
920,932,SCYX,Health Care,Micro cap,"$58,945,871","185,578",-72.65625,
921,934,HEXO,Health Care,Micro cap,"$54,228,795","531,916",2.3753751021679945,
922,935,QLI,Health Care,Micro cap,"$46,832,500","11,682",,
923,936,COSM,Health Care,Micro cap,"$36,800,780","675,879",-72.68292607756187,
924,937,AKAN,Health Care,Micro cap,"$36,014,951","1,070,664",,
925,938,TXMD,Health Care,Micro cap,"$33,835,362","40,352",-59.66101694915254,
926,939,CRDL,Health Care,Micro cap,"$32,209,012","80,821",-5.932659432385398,
927,940,HAPP,Health Care,Micro cap,"$30,381,677","4,124",,
928,941,CPIX,Health Care,Micro cap,"$27,927,078","9,525",-13.513513049099448,
929,942,NLTX,Health Care,Micro cap,"$26,752,903","465,229",-30.226998417720978,
930,945,ZYNE,Health Care,Micro cap,"$20,817,651","270,539",-65.58877317562504,
931,946,CPHI,Health Care,Micro cap,"$19,324,635","1,226,198",-14.81481808530281,
932,947,ADMP,Health Care,Micro cap,"$17,997,992","4,676,417",-78.09523844124239,
933,948,SBFM,Health Care,Micro cap,"$17,840,391","121,358",,
934,949,CLVR,Health Care,Micro cap,"$16,349,405","179,226",,
935,950,DERM,Health Care,Micro cap,"$16,236,666","12,473",,
936,951,BFRI,Health Care,Micro cap,"$15,693,673","130,249",,
937,952,RMTI,Health Care,Micro cap,"$12,982,068","118,722",-64.24242475194221,
938,953,SISI,Health Care,Micro cap,"$12,498,100","24,854",-84.16666599388054,
939,954,YCBD,Health Care,Micro cap,"$12,425,097","326,354",-52.32558208305342,
940,955,ATNX,Health Care,Micro cap,"$11,262,172","105,481",28.00000508626302,
941,957,ALIM,Health Care,Micro cap,"$9,933,555","15,792",59.99999576144748,
942,958,AGRX,Health Care,Micro cap,"$9,828,716","372,409",-57.36568457538995,
943,959,EVOK,Health Care,Micro cap,"$8,758,843","10,948",-19.900501564666353,
944,961,NEPT,Health Care,Micro cap,"$5,945,174","52,043",164.28572461288329,
945,962,PRFX,Health Care,Micro cap,"$5,849,855","22,279",,
946,963,ACRX,Health Care,Micro cap,"$5,362,799","276,531",-21.481478655779803,
947,964,SNOA,Health Care,Micro cap,"$4,835,217","340,898",-90.39098771670864,
948,965,PLXP,Health Care,Micro cap,"$4,662,031","253,078",,
949,966,SXTC,Health Care,Micro cap,"$826,328","243,868",-81.51447604408227,
950,967,CERN,Health Care,Large cap,"$27,621,681,152","38,200,339",,
951,968,VEEV,Health Care,Large cap,"$24,530,488,891","1,149,027",243.59914515802717,
952,969,CHNGU,Health Care,Mid cap,"$7,396,648,453","362,164",,
953,970,CHNG,Health Care,Mid cap,"$7,190,654,976","28,984,942",,
954,971,SGFY,Health Care,Mid cap,"$5,174,479,542","1,509,834",,
955,972,HQY,Health Care,Mid cap,"$4,882,025,337","899,309",79.54102187322874,
956,973,TXG,Health Care,Mid cap,"$4,763,708,771","1,018,199",40.98147639521846,
957,974,TDOC,Health Care,Mid cap,"$3,940,214,562","3,578,213",400.0000114555476,
958,975,DOCS,Health Care,Mid cap,"$3,906,551,964","1,496,660",,
959,976,RCM,Health Care,Mid cap,"$3,845,875,000","1,872,090",369.4545399058949,
960,977,PINC,Health Care,Mid cap,"$3,726,491,046","546,343",23.67642485717465,
961,978,EVH,Health Care,Mid cap,"$3,324,909,275","1,049,300",-39.06040163642836,
962,979,PGNY,Health Care,Mid cap,"$3,086,150,931","1,493,648",108.92592536078558,
963,980,PRVA,Health Care,Mid cap,"$3,066,983,192","903,312",,
964,981,OMCL,Health Care,Mid cap,"$2,520,213,139","596,142",137.87790174804059,
965,982,CVET,Health Care,Mid cap,"$2,512,096,256","5,301,029",,
966,983,AGTI,Health Care,Mid cap,"$2,113,914,358","311,375",,
967,984,ONEM,Health Care,Small cap,"$1,707,622,400","15,268,322",,
968,985,PHR,Health Care,Small cap,"$1,634,637,432","444,348",-1.3831807074145737,
969,986,SDGR,Health Care,Small cap,"$1,597,298,866","596,468",,
970,987,MDRX,Health Care,Small cap,"$1,408,358,513","1,584,940",-4.927538261688591,
971,988,DH,Health Care,Small cap,"$1,141,616,340","1,074,776",,
972,989,NXGN,Health Care,Small cap,"$1,101,899,770","494,988",20.792075540302253,
973,990,ACCD,Health Care,Small cap,"$964,424,398","620,404",,
974,991,SLP,Health Care,Small cap,"$870,307,136","119,369",216.0824788689855,
975,992,HSTM,Health Care,Small cap,"$798,195,263","165,529",7.973027774205019,
976,993,SHCR,Health Care,Small cap,"$774,208,802","600,115",,
977,994,CNVY,Health Care,Small cap,"$769,270,737","1,743,565",,
978,995,HCAT,Health Care,Small cap,"$664,089,924","550,623",-8.69681587608246,
979,996,NUTX,Health Care,Small cap,"$643,440,475","2,291,698",,
980,997,AMWL,Health Care,Small cap,"$548,010,071","1,617,644",,
981,998,GDRX,Health Care,Small cap,"$538,221,586","2,185,369",,
982,999,SLGC,Health Care,Small cap,"$410,935,497","971,253",,
983,1000,CPSI,Health Care,Small cap,"$410,768,782","115,080",11.21848807514377,
984,1001,CMAX,Health Care,Small cap,"$323,977,819","1,673,672",,
985,1002,SOPH,Health Care,Micro cap,"$283,901,992","271,104",,
986,1003,NH,Health Care,Micro cap,"$273,854,078","5,156",-89.77159977262839,
987,1004,HLTH,Health Care,Micro cap,"$272,508,340","283,882",,
988,1005,OPRX,Health Care,Micro cap,"$239,914,361","702,024",318.5185101606048,
989,1007,BBLN,Health Care,Micro cap,"$164,329,571","50,226",,
990,1008,TRHC,Health Care,Micro cap,"$138,652,606","108,177",224.6848128469489,
991,1009,SMFR,Health Care,Micro cap,"$118,227,253","4,716,424",,
992,1010,FORA,Health Care,Micro cap,"$102,504,760","32,677",,
993,1011,STRM,Health Care,Micro cap,"$97,033,669","60,921",3.053441435840466,
994,1013,AUGX,Health Care,Micro cap,"$58,002,872","28,972",,
995,1014,MTBC,Health Care,Micro cap,"$47,639,251","66,971",,
996,1015,UTRS,Health Care,Micro cap,"$39,876,836","270,441",,
997,1016,SNCE,Health Care,Micro cap,"$35,404,036","2,210,405",,
998,1017,PEAR,Health Care,Micro cap,"$34,812,128","2,314,904",,
999,1018,ICAD,Health Care,Micro cap,"$32,427,437","111,501",137.30887688516552,
1000,1019,UPH,Health Care,Micro cap,"$23,183,824","42,106",2.577319587628866,
1001,1020,ZCMD,Health Care,Micro cap,"$22,968,401","5,562",,
1002,1021,BEAT,Health Care,Micro cap,"$19,498,165","67,916",,
1003,1022,HCTI,Health Care,Micro cap,"$17,819,451","410,066",,
1004,1023,ACON,Health Care,Micro cap,"$6,478,675","25,847",,
1005,1024,WORX,Health Care,Micro cap,"$4,189,352","21,595",-96.02018738112419,
1006,1025,UNH,Health Care,Large cap,"$438,353,946,746","3,298,476",82.3682723259572,
1007,1027,CVS,Health Care,Large cap,"$92,931,161,341","8,785,145",-7.388797119275678,
1008,1028,CI,Health Care,Large cap,"$76,219,647,872","1,842,853",51.57194807704623,
1009,1029,HUM,Health Care,Large cap,"$61,406,290,838","942,184",81.28357956593344,
1010,1030,CNC,Health Care,Large cap,"$34,498,136,102","3,900,726",120.30404130617956,
1011,1031,MOH,Health Care,Large cap,"$15,364,323,776","565,519",150.39630661362327,
1012,1032,ALHC,Health Care,Small cap,"$1,146,164,873","1,480,890",,
1013,1033,MPLN,Health Care,Small cap,"$671,131,585","2,691,363",,
1014,1035,CLOV,Health Care,Small cap,"$348,985,264","10,192,397",,
1015,1038,HCA,Health Care,Large cap,"$70,081,642,967","1,253,283",98.42657590190709,
1016,1039,FMS,Health Care,Large cap,"$11,890,116,077","1,183,357",-12.971301028023417,
1017,1040,AGL,Health Care,Large cap,"$11,732,571,762","2,850,694",,
1018,1041,UHS,Health Care,Mid cap,"$8,887,776,694","963,535",33.5549079272561,
1019,1042,OSH,Health Care,Mid cap,"$8,708,337,373","3,456,628",,
1020,1043,CHE,Health Care,Mid cap,"$7,650,057,714","75,429",175.05612171415189,
1021,1044,DVA,Health Care,Mid cap,"$6,801,696,000","771,621",14.426945127398755,
1022,1045,ACHC,Health Care,Mid cap,"$6,340,886,935","1,072,156",-1.2548609749759516,
1023,1046,THC,Health Care,Mid cap,"$5,641,439,466","1,564,174",152.4699656244326,
1024,1047,OPCH,Health Care,Mid cap,"$5,638,869,464","2,296,269",236.69724439533167,
1025,1048,EHC,Health Care,Mid cap,"$5,161,891,363","1,081,126",67.14904619543941,
1026,1049,LHCG,Health Care,Mid cap,"$5,161,363,968","1,283,675",,
1027,1050,ENSG,Health Care,Mid cap,"$4,894,951,573","413,049",111.28413462539622,
1028,1051,SGRY,Health Care,Mid cap,"$3,988,777,211","856,493",-3.9252286025776897,
1029,1052,AMN,Health Care,Mid cap,"$3,396,192,521","765,750",59.10024925956631,
1030,1053,SEM,Health Care,Mid cap,"$3,113,275,310","640,910",72.08955315232784,
1031,1054,LFST,Health Care,Mid cap,"$2,660,936,381","1,064,363",,
1032,1055,AMED,Health Care,Mid cap,"$2,271,706,514","486,947",290.0350311184942,
1033,1056,AMEH,Health Care,Mid cap,"$2,211,258,742","276,588",146.39999389648438,
1034,1057,ADUS,Health Care,Small cap,"$1,608,099,548","154,171",172.03389520014122,
1035,1058,TVTY,Health Care,Small cap,"$1,607,078,912","1,434,702",,
1036,1059,USPH,Health Care,Small cap,"$1,198,132,586","111,884",61.618176781471824,
1037,1060,MODV,Health Care,Small cap,"$1,161,920,049","124,827",54.96583661088916,
1038,1061,MD,Health Care,Small cap,"$1,155,818,706","860,626",-59.362847998407936,
1039,1063,DCGO,Health Care,Small cap,"$894,896,481","1,003,108",,
1040,1064,NHC,Health Care,Small cap,"$860,208,892","169,923",12.871287128712872,
1041,1065,INNV,Health Care,Small cap,"$824,425,048","35,682",,
1042,1066,HNGR,Health Care,Small cap,"$732,387,540","2,345,661",,
1043,1067,CYH,Health Care,Small cap,"$623,679,534","2,232,329",-50.61511573776303,
1044,1068,BKD,Health Care,Small cap,"$439,923,154","2,081,441",-43.107571649626294,
1045,1069,CMPS,Health Care,Small cap,"$429,728,484","265,701",,
1046,1070,PNTG,Health Care,Small cap,"$369,538,162","995,000",415.2845535389264,
1047,1071,SMTI,Health Care,Small cap,"$325,523,730","18,288",300.0,
1048,1072,CANO,Health Care,Micro cap,"$290,592,110","8,368,351",,
1049,1073,AIRS,Health Care,Micro cap,"$267,110,035","289,122",,
1050,1074,JYNT,Health Care,Micro cap,"$238,577,329","145,301",544.4000244140625,
1051,1075,AVAH,Health Care,Micro cap,"$187,717,757","408,471",,
1052,1076,TALK,Health Care,Micro cap,"$116,780,921","232,389",,
1053,1077,IONM,Health Care,Micro cap,"$78,832,320","346,470",-52.96296366938838,
1054,1078,SNDA,Health Care,Micro cap,"$70,830,563","2,105",-80.91133052753692,
1055,1079,ATIP,Health Care,Micro cap,"$66,342,225","331,279",,
1056,1080,TOI,Health Care,Micro cap,"$60,110,920","368,961",,
1057,1081,ICCM,Health Care,Micro cap,"$50,413,895","99,078",,
1058,1082,FTRP,Health Care,Micro cap,"$49,022,656","164,423",,
1059,1084,AIH,Health Care,Micro cap,"$40,224,400","4,838",-49.14979744267028,
1060,1085,ALR,Health Care,Micro cap,"$39,386,592","236,551",,
1061,1086,PIII,Health Care,Micro cap,"$35,188,215","314,651",,
1062,1087,CCM,Health Care,Micro cap,"$30,970,037","1,709",-41.66666405242783,
1063,1089,IMAC,Health Care,Micro cap,"$26,750,019","263,413",,
1064,1090,CCEL,Health Care,Micro cap,"$26,353,278","19,069",74.01392342393424,
1065,1091,SLHG,Health Care,Micro cap,"$26,143,714","127,279",,
1066,1092,AMS,Health Care,Micro cap,"$17,351,460","36,646",-23.03030307408973,
1067,1093,NVOS,Health Care,Micro cap,"$16,033,455","48,751,981",,
1068,1094,GBNH,Health Care,Micro cap,"$14,718,273","29,429",,
1069,1095,OTRK,Health Care,Micro cap,"$12,822,063","344,163",191.2962826747138,
1070,1096,SSY,Health Care,Micro cap,"$7,488,657","13,161",-4.91803775260399,
1071,1097,RHE,Health Care,Micro cap,"$6,174,484","12,767",-86.20689544924684,
1072,1098,ABT,Health Care,Large cap,"$168,650,302,450","5,660,540",124.69583394187777,
1073,1099,SYK,Health Care,Large cap,"$103,905,834,976","1,345,688",74.21751104323201,
1074,1100,MDT,Health Care,Large cap,"$103,200,967,030","6,349,829",60.754448832990434,
1075,1101,BSX,Health Care,Large cap,"$68,905,505,471","7,773,188",107.13629420238884,
1076,1102,EW,Health Care,Large cap,"$48,215,275,206","4,294,330",147.78252418845466,
1077,1103,ZBH,Health Care,Large cap,"$26,114,172,790","1,305,226",43.20786393553414,
1078,1104,ALGN,Health Care,Large cap,"$23,862,582,162","925,573",185.65655610435786,
1079,1105,PODD,Health Care,Large cap,"$21,661,717,633","791,073",344.0220472302337,
1080,1106,BIO,Health Care,Large cap,"$13,544,591,575","198,985",102.0332318999752,
1081,1107,BIO.B,Health Care,Large cap,"$13,544,591,575",238,,
1082,1108,SNN,Health Care,Large cap,"$12,261,955,025","1,113,373",60.03321447995697,
1083,1109,BRKR,Health Care,Large cap,"$10,982,779,272","976,907",137.92451326174057,
1084,1110,ABMD,Health Care,Large cap,"$10,737,233,920","20,612,257",48.6229539042492,
1085,1111,PEN,Health Care,Large cap,"$10,606,868,944","353,988",156.28526091244092,
1086,1112,SWAV,Health Care,Mid cap,"$7,694,687,395","481,562",78.22581501086496,
1087,1113,INSP,Health Care,Mid cap,"$6,852,347,285","328,125",200.24499577992296,
1088,1114,GMED,Health Care,Mid cap,"$5,247,033,849","1,476,008",135.6054413122069,
1089,1115,IART,Health Care,Mid cap,"$4,425,491,138","604,225",34.890744216215836,
1090,1116,NARI,Health Care,Mid cap,"$3,351,696,946","1,004,524",,
1091,1117,CNMD,Health Care,Mid cap,"$2,939,535,931","413,863",147.72675661890534,
1092,1118,AXNX,Health Care,Mid cap,"$2,762,987,135","813,623",69.03427071897659,
1093,1119,TNDM,Health Care,Mid cap,"$2,692,755,902","2,388,483",167.40909923206675,
1094,1120,INMD,Health Care,Mid cap,"$2,526,186,586","1,378,001",182.7155996900086,
1095,1121,ITGR,Health Care,Mid cap,"$2,508,993,793","446,045",168.77722724164101,
1096,1122,TMDX,Health Care,Mid cap,"$2,376,402,924","493,758",-7.2098720220871915,
1097,1123,LIVN,Health Care,Mid cap,"$2,274,888,435","763,223",66.06235102923873,
1098,1124,NUVA,Health Care,Small cap,"$1,921,191,900","1,153,081",15.170874623319918,
1099,1125,AHCO,Health Care,Small cap,"$1,852,970,528","2,598,929",8.247424808923482,
1100,1126,ATEC,Health Care,Small cap,"$1,726,648,359","1,340,424",120.31250267755236,
1101,1127,ESTA,Health Care,Small cap,"$1,690,955,433","178,151",4.423075455885667,
1102,1128,SILK,Health Care,Small cap,"$1,486,941,925","715,088",19.969829946212197,
1103,1129,FNA,Health Care,Small cap,"$1,484,712,424","407,244",,
1104,1130,TMCI,Health Care,Small cap,"$1,472,638,166","553,517",,
1105,1131,AVNS,Health Care,Small cap,"$1,304,449,543","329,485",-9.86257016226289,
1106,1132,PRCT,Health Care,Small cap,"$1,287,649,206","381,966",,
1107,1133,CTKB,Health Care,Small cap,"$1,185,017,960","957,931",,
1108,1134,NTUS,Health Care,Small cap,"$1,129,895,168","132,698",,
1109,1135,NVRO,Health Care,Small cap,"$1,095,194,340","544,227",61.96539327760056,
1110,1136,KIDS,Health Care,Small cap,"$952,158,599","155,277",144.7619008213003,
1111,1137,OM,Health Care,Small cap,"$916,322,192","663,582",,
1112,1138,CSII,Health Care,Small cap,"$829,528,204","783,981",,
1113,1139,VREX,Health Care,Small cap,"$699,344,000","289,014",6.30311862985907,
1114,1140,SIBN,Health Care,Small cap,"$674,523,139","423,777",0.9999956403459821,
1115,1141,VRAY,Health Care,Small cap,"$610,865,946","1,502,527",38.498398710802995,
1116,1142,OFIX,Health Care,Small cap,"$563,238,464","400,842",26.650101546169214,
1117,1143,RXST,Health Care,Small cap,"$542,100,274","246,925",,
1118,1144,CUTR,Health Care,Small cap,"$503,921,630","1,010,691",105.30258298972659,
1119,1145,AORT,Health Care,Small cap,"$476,538,053","187,935",39.79112789046739,
1120,1146,IRMD,Health Care,Small cap,"$473,506,012","40,319",112.45614143693292,
1121,1147,APEN,Health Care,Small cap,"$470,736,734","1,143,995",,
1122,1148,ZYXI,Health Care,Small cap,"$443,137,573","382,678",2174.284553917719,
1123,1149,SGHT,Health Care,Small cap,"$434,323,292","176,440",,
1124,1150,LUNG,Health Care,Small cap,"$427,310,384","767,418",,
1125,1151,MDXG,Health Care,Small cap,"$403,854,160","615,755",-15.254240941010343,
1126,1152,EDAP,Health Care,Small cap,"$403,094,692","73,964",32.01219394740995,
1127,1153,VMD,Health Care,Small cap,"$401,953,534","149,723",-17.254903989618537,
1128,1154,QTRX,Health Care,Small cap,"$398,932,560","357,673",43.37424498829496,
1129,1155,AXGN,Health Care,Small cap,"$373,192,802","302,159",99.7802147590631,
1130,1156,BFLY,Health Care,Small cap,"$337,830,607","1,724,777",,
1131,1157,RCEL,Health Care,Small cap,"$325,560,627","193,202",404.3956000193669,
1132,1158,TCMD,Health Care,Small cap,"$322,192,630","379,241",313.1449588414568,
1133,1159,NNOX,Health Care,Small cap,"$309,878,380","521,089",,
1134,1160,SPNE,Health Care,Small cap,"$304,705,632","484,366",,
1135,1161,INGN,Health Care,Micro cap,"$291,713,590","374,747",0.7423905142212031,
1136,1162,ARAY,Health Care,Micro cap,"$265,475,347","320,508",-39.78494849697342,
1137,1164,QIPT,Health Care,Micro cap,"$225,953,721","102,205",23.471067019657514,
1138,1165,CLPT,Health Care,Micro cap,"$193,182,879","85,282",43.235286734096114,
1139,1166,TELA,Health Care,Micro cap,"$191,783,041","36,218",-8.945451216264205,
1140,1167,CVRX,Health Care,Micro cap,"$190,972,863","187,892",,
1141,1168,XAIR,Health Care,Micro cap,"$189,274,321","333,280",55.93219763655262,
1142,1169,PROF,Health Care,Micro cap,"$186,082,820","27,310",11.867347797717896,
1143,1170,SMLR,Health Care,Micro cap,"$175,992,505","37,265",3211.0342581178647,
1144,1171,ZIMV,Health Care,Micro cap,"$163,712,971","2,315,296",,
1145,1172,EYES,Health Care,Micro cap,"$163,153,989","144,265",,
1146,1173,ASXC,Health Care,Micro cap,"$159,838,870","1,305,696",-91.78321690466657,
1147,1174,RBOT,Health Care,Micro cap,"$159,498,260","565,728",,
1148,1175,SIEN,Health Care,Micro cap,"$149,473,945","71,681",-1.1627906976744187,
1149,1176,CTSO,Health Care,Micro cap,"$144,961,190","57,302",-30.363637750799004,
1150,1177,FONR,Health Care,Micro cap,"$101,602,820","7,898",-0.8762890702923858,
1151,1178,EAR,Health Care,Micro cap,"$99,489,283","73,446",,
1152,1179,APYX,Health Care,Micro cap,"$99,295,749","295,158",4.522608730552862,
1153,1180,NAOV,Health Care,Micro cap,"$99,112,187","16,463",-51.69491525423729,
1154,1181,NPCE,Health Care,Micro cap,"$98,639,270","31,608",,
1155,1182,SONX,Health Care,Micro cap,"$91,050,390","238,377",,
1156,1183,ELMD,Health Care,Micro cap,"$85,397,065","18,378",123.96905474409945,
1157,1184,SRTS,Health Care,Micro cap,"$82,396,041","265,049",-33.52380934215727,
1158,1185,NVCN,Health Care,Micro cap,"$79,655,297","38,515",,
1159,1186,ISO,Health Care,Micro cap,"$74,249,912","31,760",,
1160,1187,XTNT,Health Care,Micro cap,"$73,113,478","95,676",-75.30864168005625,
1161,1188,HYPR,Health Care,Micro cap,"$70,548,753","532,784",,
1162,1189,BSGM,Health Care,Micro cap,"$64,946,993","352,549",79.2248180071459,
1163,1190,LUCD,Health Care,Micro cap,"$60,317,265","103,338",,
1164,1191,SDC,Health Care,Micro cap,"$54,134,448","1,558,892",-60.07770662403,
1165,1192,TMDI,Health Care,Micro cap,"$50,597,368","852,194",,
1166,1194,DCTH,Health Care,Micro cap,"$46,917,487","17,876",-98.27516233766234,
1167,1195,NVNO,Health Care,Micro cap,"$46,412,800","22,032",-89.34000015258789,
1168,1196,RPID,Health Care,Micro cap,"$45,427,534","78,835",,
1169,1197,MDGS,Health Care,Micro cap,"$42,360,709","6,781",-92.95833322736952,
1170,1198,OWLT,Health Care,Micro cap,"$39,451,816","1,064,051",,
1171,1199,DNAY,Health Care,Micro cap,"$38,378,284","19,956",,
1172,1200,RWLK,Health Care,Micro cap,"$38,364,685","245,122",-96.99310335619697,
1173,1201,PAVM,Health Care,Micro cap,"$35,234,287","359,691",-81.9018412423334,
1174,1202,SSKN,Health Care,Micro cap,"$33,681,355","11,489",-2.2727250560256556,
1175,1203,IRIX,Health Care,Micro cap,"$33,454,966","16,508",-83.88458862979954,
1176,1204,PETV,Health Care,Micro cap,"$31,832,956","56,408",13.142819920376736,
1177,1205,VAPO,Health Care,Micro cap,"$28,177,678","122,619",-25.161287861485636,
1178,1206,LNSR,Health Care,Micro cap,"$25,091,901","16,293",,
1179,1207,IVC,Health Care,Micro cap,"$24,910,310","110,098",,
1180,1208,NMTC,Health Care,Micro cap,"$24,873,198","273,662",-43.488942884437556,
1181,1209,BTCY,Health Care,Micro cap,"$24,610,175","47,280",-85.54216843243867,
1182,1210,AFIB,Health Care,Micro cap,"$23,040,630","158,552",,
1183,1211,TNON,Health Care,Micro cap,"$21,940,033","74,749",,
1184,1212,NMRD,Health Care,Micro cap,"$21,096,563","33,937",-94.25268924211294,
1185,1213,MODD,Health Care,Micro cap,"$19,896,418","2,805",,
1186,1214,VERO,Health Care,Micro cap,"$14,405,689","342,435",-96.49122807017544,
1187,1215,TLIS,Health Care,Micro cap,"$13,570,479","71,746",,
1188,1216,AZYO,Health Care,Micro cap,"$13,245,350","338,653",,
1189,1217,STRR,Health Care,Micro cap,"$12,711,904","36,104",-94.86274532243317,
1190,1218,MYO,Health Care,Micro cap,"$12,553,027","975,590",-95.9466667175293,
1191,1219,SRGA,Health Care,Micro cap,"$11,553,439","53,041",-18.153843512901894,
1192,1220,IINN,Health Care,Micro cap,"$9,581,463","19,454",,
1193,1221,CFMS,Health Care,Micro cap,"$9,219,709","65,725",-81.93939393939394,
1194,1222,BJDX,Health Care,Micro cap,"$9,206,576","34,249",,
1195,1223,NSPR,Health Care,Micro cap,"$9,085,811","11,727",-99.2063492063492,
1196,1224,AEMD,Health Care,Micro cap,"$8,523,925","115,867",-98.47154471932387,
1197,1225,VVOS,Health Care,Micro cap,"$8,456,597","1,019,210",,
1198,1226,AVGR,Health Care,Micro cap,"$8,243,209","65,281",-99.92565789348201,
1199,1227,AHPI,Health Care,Micro cap,"$8,027,080","6,572",,
1200,1228,INVO,Health Care,Micro cap,"$7,997,936","124,424",,
1201,1229,GBS,Health Care,Micro cap,"$7,045,903","11,030",,
1202,1230,HSDT,Health Care,Micro cap,"$6,894,857","250,581",-86.24999939449249,
1203,1231,DYNT,Health Care,Micro cap,"$6,387,597","5,878",-65.95744680851064,
1204,1232,NUWE,Health Care,Micro cap,"$5,793,274","111,554",-99.97470238095238,
1205,1233,TIVC,Health Care,Micro cap,"$5,104,570","1,078,079",,
1206,1234,THMO,Health Care,Micro cap,"$4,065,581","5,894,172",-88.0813953488372,
1207,1235,RMED,Health Care,Micro cap,"$4,010,796","117,345",-94.27906976744185,
1208,1236,BIOL,Health Care,Micro cap,"$2,818,134","271,664",-92.8169014084507,
1209,1237,BBLG,Health Care,Micro cap,"$2,442,737","78,220",,
1210,1238,RSLS,Health Care,Micro cap,"$1,630,282","145,427",-97.84424379232506,
1211,1239,SINT,Health Care,Micro cap,"$1,208,986","1,932,447",-92.3076923076923,
1212,1240,VIVE,Health Care,Micro cap,"$660,590","38,311",-99.8331383933798,
1213,1241,MCK,Health Care,Large cap,"$45,988,300,603","1,125,274",-2.3005668575174645,
1214,1242,ABC,Health Care,Large cap,"$30,526,828,315","1,277,669",6.534195788858091,
1215,1243,CAH,Health Care,Large cap,"$17,779,671,462","2,641,095",-29.476313426431236,
1216,1244,HSIC,Health Care,Large cap,"$10,257,181,027","896,062",9.84310531571607,
1217,1245,PBH,Health Care,Mid cap,"$3,029,953,995","365,667",-21.750714502608112,
1218,1246,PDCO,Health Care,Mid cap,"$2,580,468,280","936,804",-51.76216427508038,
1219,1247,OMI,Health Care,Small cap,"$923,740,422","1,790,398",-85.76662836558606,
1220,1248,GEG,Health Care,Micro cap,"$64,865,589","14,691",-6.400000254313151,
1221,1249,ISRG,Health Care,Large cap,"$85,627,330,501","1,563,053",178.9508406154133,
1222,1250,BDX,Health Care,Large cap,"$67,108,670,136","1,023,860",67.0392000222508,
1223,1251,ALC,Health Care,Large cap,"$33,429,930,000","1,326,706",-3.071617895702426,
1224,1252,RMD,Health Care,Large cap,"$30,937,653,284","684,711",148.9371982872316,
1225,1253,WST,Health Care,Large cap,"$24,646,478,925","583,105",77.44440681164282,
1226,1254,HOLX,Health Care,Large cap,"$19,361,652,072","1,609,957",29.650001525878906,
1227,1255,BAX,Health Care,Large cap,"$19,238,102,968","6,258,672",87.99008178734807,
1228,1256,STE,Health Care,Large cap,"$18,012,183,649","624,352",124.73007109859896,
1229,1257,COO,Health Care,Large cap,"$17,060,225,853","386,530",81.83630778979975,
1230,1258,TFX,Health Care,Large cap,"$11,329,502,368","440,841",130.21943825109238,
1231,1259,MASI,Health Care,Mid cap,"$9,174,830,898","383,746",132.3469105479785,
1232,1260,RGEN,Health Care,Mid cap,"$9,036,698,499","622,210",198.34416125270698,
1233,1261,XRAY,Health Care,Mid cap,"$7,916,703,775","2,668,212",-2.792138778185744,
1234,1262,NVST,Health Care,Mid cap,"$6,165,253,831","1,885,422",14.152051158288597,
1235,1263,NVCR,Health Care,Mid cap,"$5,991,435,654","799,907",972.452882789585,
1236,1264,BLCO,Health Care,Mid cap,"$5,547,514,788","336,235",,
1237,1265,MMSI,Health Care,Mid cap,"$4,064,994,829","381,921",15.69811263174381,
1238,1266,HAE,Health Care,Mid cap,"$3,838,047,474","356,520",184.14907514678765,
1239,1267,ICUI,Health Care,Mid cap,"$3,686,131,507","209,442",25.20945780986064,
1240,1268,IRTC,Health Care,Mid cap,"$3,602,686,945","424,154",118.89842814844003,
1241,1269,STAA,Health Care,Mid cap,"$3,062,045,022","683,485",228.65117982376452,
1242,1270,GKOS,Health Care,Mid cap,"$2,308,220,653","507,915",55.60023199319358,
1243,1271,ATRC,Health Care,Small cap,"$1,768,654,311","382,827",63.36533772309424,
1244,1272,ATRI,Health Care,Small cap,"$1,131,309,246","8,064",46.39221834730731,
1245,1273,LMAT,Health Care,Small cap,"$1,105,528,119","119,653",41.15580111023924,
1246,1274,ATRS,Health Care,Small cap,"$953,354,176","2,705,014",,
1247,1276,BLFS,Health Care,Small cap,"$920,324,191","330,507",891.3579888068365,
1248,1277,ANGO,Health Care,Small cap,"$472,349,118","460,490",-6.286725145242017,
1249,1278,OSUR,Health Care,Small cap,"$421,157,640","687,958",-11.950394097583786,
1250,1279,UTMD,Health Care,Small cap,"$327,643,297","19,824",47.42975675251122,
1251,1280,AKYA,Health Care,Micro cap,"$294,849,357","202,065",,
1252,1281,IIN,Health Care,Micro cap,"$225,395,216","94,327",,
1253,1282,MHUA,Health Care,Micro cap,"$194,000,000","33,216",,
1254,1283,KRMD,Health Care,Micro cap,"$183,442,231","25,482",1180.1980621054438,
1255,1284,NYXH,Health Care,Micro cap,"$180,148,565","35,255",,
1256,1285,INFU,Health Care,Micro cap,"$154,817,263","50,776",217.69232814834038,
1257,1286,ZTEK,Health Care,Micro cap,"$150,296,313","35,060",-59.70149193980643,
1258,1287,STXS,Health Care,Micro cap,"$141,085,510","206,318",696.9230797445987,
1259,1288,HBIO,Health Care,Micro cap,"$134,164,337","79,339",-4.193544516826276,
1260,1289,PLSE,Health Care,Micro cap,"$111,684,600","39,807",102.76923546424278,
1261,1290,OMIC,Health Care,Micro cap,"$84,890,487","198,685",,
1262,1291,MLSS,Health Care,Micro cap,"$62,821,415","160,320",4.44444012740029,
1263,1292,PDEX,Health Care,Micro cap,"$60,245,365","4,328",243.3467853965545,
1264,1293,RVP,Health Care,Micro cap,"$57,636,735","37,723",67.39129716484682,
1265,1294,ISR,Health Care,Micro cap,"$54,571,302","206,179",,
1266,1295,POAI,Health Care,Micro cap,"$23,630,599","403,279",-90.25270758122744,
1267,1296,ECOR,Health Care,Micro cap,"$20,297,686","21,210",-91.77777749520762,
1268,1297,EKSO,Health Care,Micro cap,"$19,319,354","26,162",-90.04962813801443,
1269,1298,MBOT,Health Care,Micro cap,"$16,633,031","24,696",-88.46994514673786,
1270,1299,STSS,Health Care,Micro cap,"$14,919,598","59,429",,
1271,1300,FEMY,Health Care,Micro cap,"$14,176,332","30,744",,
1272,1301,NURO,Health Care,Micro cap,"$11,297,730","17,334",-93.22115398135176,
1273,1303,NXGL,Health Care,Micro cap,"$9,194,186","21,689",,
1274,1304,GCTK,Health Care,Micro cap,"$6,403,000","39,826",-75.9999994131235,
1275,1306,STVN,Health Care,Mid cap,"$6,803,331,629","321,949",,
1276,1310,HITI,Health Care,Micro cap,"$78,475,890","256,863",,
